type	family_relationship_id	related_to_participant_id	relationship	family_id	id	participant.id
family_relationship	confused_quarrelsome_62	nonchalant_holistic_91	Uncle	spectacular_foregoing_81	f28442eb-19ff-5f2a-896b-e526dec8a3ea	45bad7c5-c36f-5e9f-ab64-26c92847ee69
family_relationship	absorbing_dangerous_44	recondite_laughable_7	Adoptive Sister	fanatical_venomous_9	58c25c24-25da-5d0e-94cb-1c39535596ab	c9c2e12c-f2f5-53ed-a124-17cc78bc82ae
family_relationship	blue-eyed_thundering_50	righteous_deafening_24	disillusioned_diligent_78	perpetual_alluring_93	6e2199d8-4c15-5784-ae62-af525a847e45	fd9d2a38-45ac-5a37-831c-d038906db7c8
family_relationship	inconclusive_truculent_88	doubtful_obnoxious_15	Adoptive Sister	obtainable_arrogant_33	35327d33-5c79-577d-88e3-fb94de8252d9	74804170-e4cb-5d46-9d1c-6085b375c9dc
family_relationship	dazzling_distinct_15	incompetent_concerned_23	Natural Sister	foregoing_laughable_70	84e04c51-0e3a-5e2b-b335-c28f12c50163	74c0138f-80c5-58d6-a4fd-541e1185e1fb
family_relationship	materialistic_accurate_35	overrated_invincible_70	evanescent_tightfisted_41	cultured_capricious_9	7d8e2167-6a30-577d-af4c-0cf3ec9caee2	4e83b289-dbea-5970-8dde-b2caa5ac3c62
family_relationship	enchanting_overwrought_5	ludicrous_lopsided_34	Adopted Daughter	adorable_needless_50	8dce5252-a8d9-5af4-9b11-26ff1409950c	9024a9fd-2721-5242-8155-9d8bc7ee302f
family_relationship	quixotic_dangerous_27	truculent_boundless_75	Natural Child	impossible_juvenile_57	ed0f3e60-92b3-5569-9f4b-d238ce53a5eb	343651be-74c3-56c5-bbfd-36525cc30b83
family_relationship	honorable_overconfident_85	ubiquitous_substantial_37	Paternal Great Aunt	entertaining_embarrassed_7	04a592dc-bc0d-528a-9d69-c0d19df5fed2	9813c034-191d-5951-ac62-501da0d8abec
family_relationship	flippant_scandalous_65	straight_annoying_94	Proband	annoying_disillusioned_98	eff14263-e9ae-5086-ab80-933c34b5ecca	d74531f1-dbff-5013-8d4e-b77691a15a34
family_relationship	exultant_humorous_8	abnormal_secretive_50	Natural Daughter	distinct_handsome_49	642bdd49-7c3b-5757-a6ce-84c14b966303	0fecc1a2-2d0d-5c84-b2aa-3091a362f19b
family_relationship	debonair_rhetorical_48	miniature_imperfect_12	Paternal Aunt	determined_encouraging_52	11fa1a4e-7cb4-583b-a548-8693815631db	da73be2e-37ac-5145-a3a4-a9056900a947
family_relationship	possessive_merciful_22	bewildered_nauseating_24	painstaking_uttermost_68	frightened_parsimonious_61	aee1122d-bf56-5492-9691-ac5e33b48c2d	3afa3d3c-1e92-5f17-a4b9-7faebac10cb3
family_relationship	nauseating_literate_5	overrated_colorful_78	Maternal Grandparent	perpetual_alluring_87	fb6bd90d-b251-5119-a9db-d568711bec3d	b251b91a-3ece-5024-a01e-1aa4787d9d0a
family_relationship	disturbed_towering_74	needless_incompetent_23	fallacious_friendly_52	scattered_invincible_54	40f9552e-95da-5975-84ac-ad82fad73ea8	3e5d4ebe-0775-5a05-b19a-7a2306335dde
family_relationship	victorious_workable_52	doubtful_tasteful_93	stimulating_splendid_76	pastoral_unequaled_50	33426ed3-c3d1-50fb-9ea5-a1fd4694e1bc	073e8406-fe44-508d-99ac-8d1178215725
family_relationship	spectacular_obeisant_27	nauseating_friendly_53	First Cousin	malicious_parsimonious_78	96aa5208-6b53-51c3-af26-f28cf090eae3	ed815fdc-e79a-5c04-9923-2e00df423238
family_relationship	disturbed_childlike_45	judicious_enthusiastic_4	Natural Daughter	impartial_scattered_96	bc3bef94-ea88-5d9a-a6d6-0444d2751dd3	ec6efedf-e54e-52d1-bad3-5dabdd35fe06
family_relationship	historical_nostalgic_29	rightful_futuristic_11	Natural Brother	merciful_evanescent_80	b272a999-960e-5d32-ae5f-79bfc96c02fa	0c2c6bdc-79cb-5b24-bcbf-6f2dea868e3c
family_relationship	rambunctious_graceful_30	alcoholic_outrageous_31	innocent_statuesque_68	pastoral_guiltless_83	bb1dc82c-52da-5c83-b247-947ac9f3f66e	0cb9718e-f313-59e4-8be9-3e2737961828
