type	sequencing_file_id	file_name	data_category	file_type	file_description	file_size	md5sum	file_mapping_level	file_access	acl	authz	file_url	dcf_indexd_guid	checksum_algorithm	checksum_value	library_id	library_selection	library_strategy	library_layout	library_source_material	library_source_molecule	number_of_bp	number_of_reads	design_description	platform	instrument_model	avg_read_length	coverage	reference_genome_assembly	custom_assembly_fasta_file_for_alignment	sequence_alignment_software	cDNA_read	cDNA_read_size	cDNA_read_offset	cell_barcode_offset	cell_barcode_read	cell_barcode_size	single_cell_entity	dissociation_method	end_bias	total_number_of_input_cells	library_construction_method	library_strand	protocols_link	reverse_transcription_primer	spike_in	UMI_barcode_offset	UMI_barcode_read	UMI_barcode_size	crdc_id	id	sample.id
sequencing_file	comfortable_ambitious_15	unaccountable_flippant_13	delightful_temporary_96;Generic;IGM Clinical Sequence	docx	grandiose_incandescent_45	240881	53a0e3f00885d9ee7f1c1e99406c58a3	Sample	Controlled	['childlike_subsequent_2']	['/programs/childlike_subsequent_2']	s3://powerful_thinkable_54	dg.4DFC/b9d7f50f-4dc1-4e9a-ba7d-66195cf81221	victorious_condemned_71	momentous_historical_81	repulsive_pointless_12	cDNA Oligo dT	MNase-Seq	Paired end	Not Reported	Genomic	170785	277955	forgetful_wide-eyed_65	AB Capillary	PromethION	385228.74	128132.53	frightened_credible_19	doubtful_maniacal_98	entertaining_ambitious_57	fearless_watchful_12	troubled_condemned_68	truculent_merciful_5	incompetent_encouraging_79	overrated_fallacious_10	adventurous_hypnotic_34	overjoyed_adorable_58	judicious_troubled_77	protective_unbecoming_99	high-pitched_capricious_97	efficacious_delicious_47	antisense	acceptable_beautiful_86	Other	efficacious_overjoyed_29	mysterious_obedient_81	educated_scattered_2	tangible_luxuriant_4	grandiose_unsuitable_13	ee0687d7-994f-5850-ab56-61a882db0713	7aa0896f-37ca-5a49-975e-8a4fbda064cd
sequencing_file	unbecoming_energetic_51	garrulous_spectacular_64	Methylation Array;Radiology Imaging	abortive_rebellious_7	thundering_aspiring_83	359586	807c4bc55ae65fe355324176a1ecea6f	Study	Controlled	['childlike_subsequent_2']	['/programs/childlike_subsequent_2']	s3://fascinated_cloistered_35	dg.4DFC/c3dadac5-7aa0-42b8-a090-a368410eb2a5	ambiguous_venomous_57	rightful_decisive_85	guttural_homeless_38	RT-PCR	ChIA-PET	Single end	Not Reported	Not Reported	955353	876010	tasteless_picayune_79	Complete Genomics	HiSeq X Ten	38356.81	542421.01	deserted_woebegone_1	blushing_adventurous_43	changeable_economic_26	horrible_chivalrous_68	abounding_faithful_51	frightened_boundless_68	accessible_venomous_13	agonizing_repulsive_8	obnoxious_graceful_45	understood_delicious_34	abhorrent_alluring_59	inexpensive_painstaking_20	alluring_wretched_57	imaginary_delicious_83	Not reported	majestic_likeable_71	luxuriant_wholesale_54	grieving_ignorant_1	handsomely_grandiose_25	psychotic_defective_63	abnormal_incandescent_68	habitual_astonishing_33	100925d9-08d3-5478-902a-c247e3fa98ad	d8621b5f-a8b5-50d7-af45-ac4308ecdaec
sequencing_file	gorgeous_spotless_73	troubled_thinkable_69	questionable_animated_43;Structural Variation;Tumor Normal Clinical Report	vms	combative_relieved_69	954605	fda05572e0355d3cbf706e3c0f02b36c	Study	Controlled	['childlike_subsequent_2']	['/programs/childlike_subsequent_2']	s3://satisfying_tranquil_29	dg.4DFC/1e21a6cb-9d73-41aa-8853-d26da8e45972	quizzical_decisive_73	obedient_squeamish_84	embarrassed_evanescent_64	rRNA Depletion	ssRNA-seq	Single end	agreeable_apathetic_31	Metagenomic	72741	630306	agreeable_standing_37	BGISEQ	spurious_aspiring_47	86700.73	682534.52	flippant_cloistered_92	draconian_mindless_19	credible_ludicrous_70	defective_overrated_8	redundant_obedient_71	troubled_psychedelic_78	disillusioned_terrible_52	energetic_nondescript_17	agonizing_imaginary_46	deranged_abounding_58	wasteful_cowardly_32	fortunate_economic_28	unsightly_encouraging_93	maddening_unbiased_76	Unknown	boundless_psychedelic_77	knowledgeable_adhesive_65	divergent_receptive_34	thinkable_capricious_47	pastoral_obedient_66	unaccountable_secretive_81	statuesque_receptive_22	e8d611fd-178a-5d2b-8197-cbc6a6cfdc3a	0e6a006e-dbf8-558e-aab3-70711d99fb93
sequencing_file	harmonious_periodic_53	ambitious_absorbed_36	dangerous_astonishing_64;Sequencing	guttural_fanatical_86	handsome_changeable_86	406005	8f8307feed30495b3ffaa1e1383c863f	Study	Controlled	['childlike_subsequent_2']	['/programs/childlike_subsequent_2']	s3://succinct_damaging_91	dg.4DFC/8a623ac1-ad2a-4c50-aeee-de03a9e5c548	troubled_dangerous_74	painstaking_bewildered_81	decisive_colorful_65	MF	WXS	Single end	Bulk Nuclei	Viral RNA	480553	760139	fascinated_abounding_77	BGISEQ	Unknown	205101.76	169911.36	auspicious_old-fashioned_68	therapeutic_abundant_69	attractive_available_77	productive_deranged_92	skillful_dysfunctional_49	incompetent_agonizing_18	questionable_thoughtful_97	spectacular_impartial_56	instinctive_powerful_88	cooperative_mysterious_55	periodic_illustrious_72	adventurous_doubtful_39	uninterested_redundant_20	scandalous_damaging_53	sense	encouraging_ordinary_14	quixotic_shivering_44	boundless_rebellious_84	unequaled_spectacular_40	spiritual_gruesome_40	attractive_obtainable_39	childlike_overrated_44	17de649f-f3de-522f-9c37-3e62aaae4a64	fce4ff72-b7db-52f5-983c-ae8b2644977a
sequencing_file	helpless_freezing_49	miniature_colorful_90	IGM Clinical Sequence;Pathology Imaging	woebegone_overconfident_10	cowardly_foregoing_47	63185	70c3130f8315d185302948459629264f	Study	Controlled	['childlike_subsequent_2']	['/programs/childlike_subsequent_2']	s3://wholesale_numberless_75	dg.4DFC/a6b05657-1004-4f9a-b0f3-51ccf4d8e8be	therapeutic_psychotic_19	dazzling_economic_7	domineering_fascinated_89	miRNA Size Fractionation	Other	Not Applicable	ambiguous_threatening_17	Viral RNA	459634	585688	blue-eyed_likeable_6	Ion Torrent	annoying_worthless_63	606983.68	253983.32	colorful_deserted_91	plausible_maddening_78	ruthless_ambitious_84	omniscient_helpless_47	auspicious_enthusiastic_54	spurious_heavenly_98	accurate_overrated_66	pastoral_abrasive_68	thoughtless_fascinated_83	high-pitched_defective_63	high-pitched_acceptable_82	deranged_guttural_83	tangible_blushing_95	gleaming_tasteful_65	sense	numerous_shivering_52	oligo-dT	cultured_expensive_12	righteous_unsuitable_88	whispering_youthful_30	bewildered_flippant_16	distinct_glorious_72	f59c341c-67e3-5637-80d7-45c1acdcbc71	b07271d8-2756-5b54-8de8-ec2f582495d8
sequencing_file	magnificent_holistic_70	bewildered_tightfisted_31	guttural_obnoxious_81;Pathology Imaging	html	scandalous_chivalrous_17	687197	2bee4370306b5cdb2de69e81dcfa599d	Participant	Controlled	['childlike_subsequent_2']	['/programs/childlike_subsequent_2']	s3://faithful_squealing_98	dg.4DFC/9b29e30d-7dea-449c-8063-4f57e818941d	handsome_overjoyed_29	fabulous_concerned_83	cultured_available_40	PCR	Tethered Chromatin Conformation Capture	Paired end	accessible_wonderful_27	Metatranscriptomic	50415	724667	nostalgic_difficult_44	LS 454	imperfect_apathetic_8	737656.04	601157.48	fluttering_delightful_15	scintillating_acceptable_97	mysterious_colossal_71	uttermost_symptomatic_53	luxuriant_agonizing_33	habitual_obsolete_7	panoramic_acoustic_67	obsolete_gigantic_27	unsightly_parsimonious_66	energetic_rightful_67	diligent_different_89	picayune_merciful_40	pleasant_discreet_95	abundant_maddening_84	both	thundering_numerous_56	oligo-dT	gruesome_uttermost_84	overrated_damaging_31	unsuitable_periodic_87	nutritious_likeable_43	available_humorous_41	6b9570a2-9ca3-5acb-b37e-e763618d55e5	46aa41b6-da30-58f6-9fa8-0ebc18886900
sequencing_file	cowardly_periodic_69	plausible_ubiquitous_32	Methylation Array	tsv	disagreeable_rhetorical_55	784228	8d9f44cd0ea4dd36c53fdaf1a55047ff	Study	Open	['*']	['/open']	s3://uninterested_psychotic_63	dg.4DFC/04585d82-37c5-4f49-95a5-93ca71f644b2	domineering_abhorrent_98	protective_illustrious_62	handsome_wide-eyed_12	MNase	Tn-Seq	Single end	Bulk Cells	Metatranscriptomic	936998	249455	graceful_abundant_96	AB Capillary	arrogant_divergent_14	223513.13	891528.92	vengeful_unsightly_95	successful_psychotic_93	acoustic_terrible_15	fantastic_protective_33	concerned_obsequious_86	dangerous_satisfying_45	internal_grieving_62	defective_dazzling_38	confused_apathetic_54	invincible_breakable_71	aberrant_sweltering_66	graceful_fantastic_98	beautiful_majestic_49	hilarious_glorious_42	antisense	obsolete_aspiring_12	workable_voiceless_81	slippery_shocking_63	pleasant_maniacal_81	lackadaisical_attractive_68	heartbreaking_obsolete_97	frightened_reminiscent_94	37753765-74bd-55f5-92c4-246365fcfd3d	4e03a346-43e5-5a5e-900e-ed6f0efc8001
sequencing_file	inexpensive_high-pitched_42	defective_distinct_60	Methylation Clinical Report	tiff	attractive_economic_41	827613	dcb3ed400cb8eb55ad12ffedb9be885c	Study	Controlled	['childlike_subsequent_2']	['/programs/childlike_subsequent_2']	s3://voracious_dispensable_32	dg.4DFC/251c39c0-c659-49c7-b503-086f0004128d	resolute_dysfunctional_64	barbarous_nostalgic_22	imported_incandescent_99	RACE	MNase-Seq	Not Applicable	Single-nuclei	Metagenomic	244453	227796	outstanding_abrasive_58	MGI	historical_thoughtful_17	88251.31	640195.34	resonant_periodic_64	numberless_encouraging_37	guttural_ceaseless_65	efficacious_flippant_67	powerful_shivering_47	snobbish_unbiased_77	psychotic_resonant_40	rambunctious_detailed_30	dispensable_inconclusive_54	handsomely_energetic_57	absorbed_overwrought_54	abandoned_tasteless_21	gullible_aspiring_35	adhesive_sweltering_55	Unknown	available_snobbish_80	oligo-dT	troubled_temporary_81	cooperative_imperfect_65	educated_courageous_6	available_invincible_29	educated_ethereal_22	3ea759a3-96f7-52c1-9177-42217f0b7b36	f2a0683c-4a89-5679-ad1d-9536931f970e
sequencing_file	miniature_undesirable_3	concerned_thundering_41	Pathology Imaging	abstracted_pointless_65	economic_gruesome_90	515577	620fb24eed34153b65fe2ebfff79ffdd	Participant	Controlled	['childlike_subsequent_2']	['/programs/childlike_subsequent_2']	s3://wandering_cloistered_85	dg.4DFC/83f3fa6c-e093-4146-a3ab-8a4fc0a587a5	honorable_endurable_3	disgusted_fallacious_70	nonchalant_debonair_92	cDNA Random Priming	RNA-Seq	Paired end	Bulk Nuclei	Viral RNA	379390	795323	distinct_straight_21	ABI Solid	juvenile_combative_17	740827.23	815636.65	protective_homeless_58	obsolete_embarrassed_31	kindhearted_thoughtless_53	dispensable_foregoing_74	discreet_towering_53	apathetic_coherent_83	gorgeous_harmonious_31	spiritual_toothsome_35	changeable_statuesque_66	garrulous_undesirable_96	abandoned_tangible_83	humorous_obnoxious_0	majestic_recondite_47	scientific_pastoral_73	Not reported	expensive_dramatic_75	random	guiltless_evanescent_65	excellent_spectacular_72	maniacal_needless_3	attractive_ceaseless_17	therapeutic_whispering_13	6c730013-90cb-569c-b576-66380d3c595c	c770f22f-9fca-5f47-808c-0613f302b8b0
sequencing_file	woebegone_toothsome_16	uttermost_understood_89	COG Clinical Report;Generic;political_delicious_62	bcf	rebellious_ruthless_96	815300	d6c16e955416416045e45fb02e3430fe	Study	Controlled	['childlike_subsequent_2']	['/programs/childlike_subsequent_2']	s3://lackadaisical_flagrant_38	dg.4DFC/a560bb11-a6c8-4028-803e-205bf9c8d228	handsome_imminent_69	ambitious_panoramic_21	threatening_plausible_35	CF-H	CLONEEND	Single end	picayune_industrious_23	Not Reported	354822	782112	assorted_auspicious_69	ABI Solid	Illumina HiSeq 2500	806204.1	645306.02	grieving_educated_33	screeching_successful_46	abstracted_bewildered_14	understood_exuberant_96	lamentable_damaging_84	abrasive_diligent_54	grieving_hypnotic_75	lackadaisical_cloistered_96	expensive_available_38	tranquil_ordinary_23	spiritual_nonchalant_45	condemned_auspicious_20	tasteful_dispensable_66	substantial_exuberant_92	Not reported	childlike_numberless_85	random	foregoing_fantastic_94	merciful_omniscient_22	needless_animated_31	troubled_internal_35	repulsive_damaging_18	2550b99a-e2d5-5372-bd76-cf2f29df46c9	f20a3325-9584-5d6f-b025-025221b68d4f
sequencing_file	spectacular_hysterical_24	wasteful_truculent_31	Copy Number Variation;embarrassed_high-pitched_13;Tumor Normal Clinical Report	outstanding_threatening_96	splendid_alcoholic_33	174549	4247ca64f10d10d007d1686935aade7a	Participant	Controlled	['childlike_subsequent_2']	['/programs/childlike_subsequent_2']	s3://thinkable_cowardly_90	dg.4DFC/5114b45d-bb77-4fb6-a456-43e414a9b171	disillusioned_knowledgeable_19	adhesive_aspiring_90	motionless_different_8	MSLL	CLONEEND	Paired end	Single-nuclei	Viral RNA	695311	599887	successful_likeable_1	PacBio SMRT	nostalgic_volatile_14	825749.3	827196.71	disgusted_adhesive_85	statuesque_abstracted_69	thankful_ordinary_23	aspiring_omniscient_16	scintillating_hospitable_75	enthusiastic_flippant_95	abrasive_determined_86	straight_humorous_5	abortive_judicious_21	maniacal_astonishing_13	satisfying_fortunate_15	old-fashioned_understood_99	friendly_judicious_46	agonizing_earsplitting_40	sense	adhesive_imported_40	motionless_functional_33	honorable_scientific_25	sweltering_incompetent_23	garrulous_unsightly_79	subsequent_inconclusive_71	ossified_capricious_65	d84f5af0-36a2-5a55-95a1-f163a2cd40b5	a5f66eab-e8f1-50ca-854c-7c922b2de33d
sequencing_file	rambunctious_spotless_8	momentous_divergent_91	Pathology Imaging;Tumor Normal Clinical Report	fastq	stereotyped_parsimonious_3	787159	adbee065d8b9b4b090e88acc7c74e5a5	Participant	Open	['*']	['/open']	s3://abrasive_literate_96	dg.4DFC/d165da53-71c6-4c5c-9fe6-0e7457acab38	gorgeous_aboriginal_32	slippery_vivacious_39	enchanting_disturbed_11	Poly-A Enriched Genomic Library	EST	Paired end	numberless_decorous_22	Metatranscriptomic	818173	593406	didactic_heartbreaking_38	Illumina	numberless_addicted_93	265711.29	372212.69	difficult_historical_91	sweltering_determined_30	arrogant_absorbing_61	understood_beautiful_21	aboriginal_dispensable_89	screeching_divergent_8	astonishing_periodic_91	permissible_historical_77	imperfect_domineering_91	different_debonair_87	parsimonious_colossal_3	teeny-tiny_harmonious_50	kindhearted_imaginary_73	righteous_sparkling_9	both	glamorous_apathetic_26	stereotyped_absorbed_91	tangible_cloistered_51	accidental_numerous_12	expensive_dramatic_85	wholesale_cowardly_91	worthless_uninterested_54	39214ce9-6dd4-5829-9177-5bb9cabb5876	7c377d3c-26b2-5b21-85ea-0abc66323687
sequencing_file	stereotyped_grandiose_60	majestic_disgusted_71	lamentable_victorious_4;Pathology Imaging;Sequencing	efficient_flawless_45	spiritual_knowledgeable_86	760571	489ca15279ff9277950a0988b1ac8f6f	Sample	Controlled	['childlike_subsequent_2']	['/programs/childlike_subsequent_2']	s3://panoramic_romantic_18	dg.4DFC/061655ae-f1c4-4520-82bd-4db06fbe8f47	plausible_steadfast_23	wonderful_fearless_98	subsequent_annoying_98	Reduced Representation	SELEX	Paired end	Single-cells	Metagenomic	28050	121359	workable_wrathful_75	LS 454	Ion Torrent S5 XL	654738.36	879915.9	questionable_maddening_67	efficient_obtainable_87	fallacious_determined_55	woebegone_scientific_90	efficient_adventurous_12	numerous_dysfunctional_41	symptomatic_energetic_9	spiritual_plausible_98	impartial_fluttering_45	available_ceaseless_53	miscreant_harmonious_61	miscreant_helpless_65	tasteful_ludicrous_12	incompetent_thoughtful_62	Unknown	aspiring_pathetic_52	Other	obsolete_tangible_6	exultant_tasteful_36	gigantic_domineering_12	inconclusive_disillusioned_17	splendid_courageous_84	1db5554a-5efa-5a95-9fa9-cb3663ecc359	e43d9a5b-5d65-5d3e-9fe0-0ec802cb7eab
sequencing_file	guiltless_dazzling_80	spectacular_dazzling_82	COG Clinical Report;Gene Fusion Clinical Report	colorful_dysfunctional_94	numberless_relieved_82	750763	1cb1bb4247b5b664c64b0d4c5d118c1f	Participant	Controlled	['childlike_subsequent_2']	['/programs/childlike_subsequent_2']	s3://illustrious_unbiased_68	dg.4DFC/cbb7c19b-c841-4f88-90d3-df415df21f83	squealing_credible_29	changeable_tasteful_0	exclusive_absorbed_77	Reduced Representation	ncRNA-Seq	Single end	coherent_victorious_26	Genomic	117955	705350	wandering_animated_57	PacBio SMRT	AB SOLiD 2	190572.88	99017.5	gigantic_spurious_87	hysterical_spurious_91	old-fashioned_important_86	symptomatic_pastoral_59	neighborly_childlike_85	maniacal_noiseless_83	ceaseless_whimsical_72	condemned_receptive_30	resolute_harmonious_22	flipped-out_makeshift_81	belligerent_heartbreaking_42	grandiose_powerful_30	plausible_grotesque_7	enchanting_protective_96	both	obeisant_obnoxious_21	oligo-dT	motionless_possessive_3	obeisant_functional_43	understood_animated_39	uttermost_political_81	luxuriant_illustrious_8	9d37d9b6-e2ab-5371-9dfe-3353ae248cf9	13c9feb1-31a1-5daa-9474-a8baef0380b4
sequencing_file	ruthless_exclusive_31	disillusioned_toothsome_87	IGM Clinical Sequence;numerous_makeshift_82;Pathology Imaging	romantic_imported_25	enchanting_frightened_48	338351	f619fb5405cf92ad840b240b31c7f800	Study	Controlled	['childlike_subsequent_2']	['/programs/childlike_subsequent_2']	s3://thundering_dispensable_51	dg.4DFC/3147b9b6-6798-4050-b4b1-41811bd81641	workable_woebegone_14	spurious_grandiose_82	towering_hysterical_27	Not Applicable	Tethered Chromatin Conformation Capture	Paired end	Bulk Nuclei	Metatranscriptomic	460071	509716	colossal_luxuriant_0	PacBio SMRT	imminent_voracious_49	816919.53	670814.49	colorful_aberrant_64	motionless_grotesque_64	deranged_toothsome_83	defective_tiresome_52	rightful_gruesome_81	adorable_fearless_78	hallowed_ambiguous_44	wretched_disagreeable_49	mindless_handsome_13	accidental_shivering_15	parsimonious_obtainable_80	wretched_gruesome_61	educated_temporary_5	determined_dispensable_36	sense	repulsive_mindless_97	Other	obnoxious_redundant_29	incandescent_heavenly_17	literate_therapeutic_2	abounding_abstracted_68	astonishing_maniacal_13	e077f2a5-73d9-50dc-914f-ed529d27d7c3	7a8214ef-fc4d-521e-b8f6-024de16803da
sequencing_file	obtainable_vigorous_43	blue-eyed_nutritious_56	Gene Expression;Pathology Imaging	vcf	inquisitive_obsolete_51	226295	4a239b57d91d499c0c25f4a1d068b6c3	Participant	Open	['*']	['/open']	s3://kindhearted_selective_62	dg.4DFC/84f528cc-eb0d-46a3-9ed5-2ad9491af43b	volatile_axiomatic_84	deserted_annoying_83	instinctive_blue-eyed_60	CF-H	Other	Paired end	Other	Transcriptomic	258929	223830	hilarious_venomous_19	ABI Solid	holistic_adjoining_62	93303.96	540480.49	rambunctious_numerous_18	disturbed_productive_34	endurable_abrasive_31	subsequent_colorful_65	ordinary_dramatic_74	mindless_changeable_50	bewildered_spotless_22	handsome_powerful_56	ambiguous_vigorous_48	snobbish_exuberant_85	reminiscent_voracious_66	dangerous_splendid_96	diligent_heartbreaking_38	repulsive_vengeful_98	antisense	delightful_ambiguous_16	heartbreaking_maddening_33	alcoholic_accidental_88	scintillating_disagreeable_20	motionless_toothsome_23	abandoned_accidental_13	truculent_adorable_9	01b1e9e6-58b4-51eb-aefc-41f2ebf78cf0	26efe0d1-c549-5769-90e2-1f5effa60298
sequencing_file	likeable_ethereal_54	friendly_delightful_78	Simple Nucleotide Variation;Tumor Normal Clinical Report	invincible_unsightly_40	quarrelsome_gleaming_74	596471	406d584685e4e0561636d121f59182f9	Sample	Open	['*']	['/open']	s3://worthless_educated_38	dg.4DFC/0c1cd6ca-aee8-4eac-9d2b-b6f1c24d066e	blue-eyed_graceful_36	colorful_detailed_57	temporary_spiritual_47	rRNA Depletion	Tn-Seq	Paired end	Bulk Nuclei	Not Reported	625615	401029	nutritious_incompetent_28	LS 454	Not Reported	465626.89	258424.57	thundering_vigorous_92	courageous_disgusted_84	ubiquitous_periodic_66	romantic_wandering_4	thoughtful_deserted_69	disturbed_abnormal_14	flipped-out_barbarous_89	educated_overwrought_90	venomous_frightened_82	protective_axiomatic_3	barbarous_glamorous_41	illustrious_thoughtless_19	dangerous_fortunate_75	scientific_aboriginal_21	Unknown	alluring_aggressive_95	Not Available	receptive_quizzical_56	fluttering_therapeutic_23	depressed_thankful_55	hysterical_devilish_84	ubiquitous_frightened_5	35c19a83-95a5-5f44-b1bb-147af0464faa	40f4626e-b3f5-59bf-acba-065365f39ba7
sequencing_file	penitent_quarrelsome_34	tasteful_instinctive_38	condemned_toothsome_81;Copy Number Variation;Simple Nucleotide Variation	idat	protective_heavenly_91	849740	e80ffcafa94db722518164ae687befc9	Sample	Controlled	['childlike_subsequent_2']	['/programs/childlike_subsequent_2']	s3://humorous_thundering_64	dg.4DFC/d8e05a6d-6740-457c-92f8-08b4811e2442	obedient_absorbing_56	protective_excellent_7	reflective_fluttering_95	Unspecified	Validation	Not Applicable	Not Reported	Not Reported	295983	969416	splendid_screeching_65	Complete Genomics	Illumina HiSeq 4000	209425.98	753964.1	aberrant_stereotyped_88	excellent_reflective_75	old-fashioned_concerned_25	wholesale_flagrant_27	highfalutin_panoramic_24	vivacious_confused_98	sweltering_synonymous_11	evanescent_sweltering_68	abounding_flipped-out_37	unadvised_peaceful_37	therapeutic_arrogant_87	addicted_fantastic_45	delightful_cowardly_3	powerful_wasteful_0	both	helpless_faithful_63	oligo-dT	charming_rightful_12	belligerent_deserted_65	changeable_towering_41	mindless_wandering_92	laughable_whimsical_5	43cb2a7b-2e0a-5c8b-94b7-b573862c527b	ca441fda-15e5-5007-9940-4324b4fa68f6
sequencing_file	dangerous_perpetual_17	flippant_grotesque_18	COG Clinical Report;Generic	miniature_overwrought_45	heartbreaking_resonant_46	378760	ab6366e9d123f7b296eb5a2294993859	Sample	Controlled	['childlike_subsequent_2']	['/programs/childlike_subsequent_2']	s3://defeated_hospitable_74	dg.4DFC/ff592822-d93d-4204-83ec-8769c042e1f2	fortunate_selective_5	ambitious_numerous_81	gigantic_woebegone_53	Random PCR	Archer Fusion	Paired end	grieving_pleasant_5	Genomic	308846	487318	adhesive_overrated_73	MGI	Illumina Genome Analyzer	266989.76	715546.03	unbecoming_incandescent_39	peaceful_futuristic_37	squeamish_romantic_52	protective_innocent_45	breakable_sweltering_80	perpetual_cooperative_34	straight_ethereal_14	perpetual_honorable_67	forgetful_deafening_6	temporary_helpless_89	straight_obeisant_19	disgusted_steadfast_30	available_lackadaisical_51	encouraging_gleaming_89	Not reported	therapeutic_whispering_50	obnoxious_abnormal_66	arrogant_inconclusive_70	romantic_perpetual_20	guiltless_heavenly_4	motionless_heartbreaking_1	absorbing_abstracted_84	703094d8-d955-5c72-bdd8-cfe247e44918	8bcc17ab-8adb-51a3-88b8-638beeeaa948
sequencing_file	plausible_fluttering_61	entertaining_embarrassed_91	Copy Number Variation;IGM Clinical Sequence	ossified_frightened_4	miscreant_magnificent_7	260409	cf99ace4a33236ae0aae9e55615b8801	Study	Controlled	['childlike_subsequent_2']	['/programs/childlike_subsequent_2']	s3://hallowed_cowardly_30	dg.4DFC/0201f006-a9d3-492e-a5bd-6bf91133fbf8	cautious_obsolete_43	hospitable_scintillating_12	grandiose_hesitant_14	Poly-A Enriched Genomic Library	Synthetic-Long-Read	Paired end	doubtful_charming_19	Genomic	762171	186797	observant_numerous_38	Illumina	sparkling_agreeable_47	131299.17	294218.13	vigorous_distinct_26	venomous_mindless_64	troubled_endurable_64	apathetic_unequaled_17	obeisant_divergent_84	horrible_ruthless_23	unadvised_watchful_85	gullible_protective_44	psychedelic_addicted_14	momentous_didactic_4	heavenly_imaginary_19	alluring_stimulating_6	luxuriant_outstanding_21	adaptable_animated_39	both	wonderful_likeable_45	disturbed_numberless_82	therapeutic_spectacular_63	squeamish_wrathful_98	old-fashioned_depressed_52	functional_picayune_62	spurious_breakable_55	253bbbf5-1481-53da-81c2-3ad4fcec938c	1b234066-960d-5923-8ad0-f2485ed4c291
