type	synonym_id	repository_of_synonym_id	id	study.id	participant.id	sample.id
synonym	stimulating_hospitable_85	auspicious_romantic_79	87a9b0b9-b17b-5e21-96d0-5fad312493f2		45bad7c5-c36f-5e9f-ab64-26c92847ee69	
synonym	educated_reminiscent_79	chivalrous_unaccountable_9	d7615614-0b60-5164-9c9b-074d37570769		c9c2e12c-f2f5-53ed-a124-17cc78bc82ae	
synonym	shocking_arrogant_62	slippery_yielding_40	8fdd30fd-d4c9-518d-a5c4-a58fc574baef			0e6a006e-dbf8-558e-aab3-70711d99fb93
synonym	boundless_nostalgic_8	aspiring_quizzical_88	d92199a8-9f08-52d2-98ae-b7bed24a99a9		74804170-e4cb-5d46-9d1c-6085b375c9dc	
synonym	succinct_recondite_97	skillful_pleasant_78	3785ea1b-69ed-5a6f-951a-d82d74c6e034		74c0138f-80c5-58d6-a4fd-541e1185e1fb	
synonym	deafening_dangerous_23	nutritious_doubtful_33	fdddc952-e1f6-5d0c-b250-2071543cf9cc			46aa41b6-da30-58f6-9fa8-0ebc18886900
synonym	wasteful_debonair_92	magnificent_overjoyed_95	2abb257c-fd28-5993-af0a-84644cd85a75			4e03a346-43e5-5a5e-900e-ed6f0efc8001
synonym	distinct_breakable_20	obsequious_endurable_70	1f2c3d96-7e79-5c89-a61c-3ecf44a444d0		343651be-74c3-56c5-bbfd-36525cc30b83	
synonym	faithful_decisive_0	uninterested_stereotyped_92	9d5c3f32-5ecc-54ff-9cdc-ac0ffa6d11ed			c770f22f-9fca-5f47-808c-0613f302b8b0
synonym	panoramic_apathetic_23	internal_numerous_21	407b5072-5acf-5c99-a1ba-1ea7fa45a19c		d74531f1-dbff-5013-8d4e-b77691a15a34	
synonym	decisive_difficult_63	old-fashioned_economic_48	21091079-ce7a-5a95-a320-b5fd075007a9		0fecc1a2-2d0d-5c84-b2aa-3091a362f19b	
synonym	defeated_expensive_56	wasteful_wonderful_95	fcb79290-df03-58f2-aa0c-367a275f94ae		da73be2e-37ac-5145-a3a4-a9056900a947	
synonym	omniscient_materialistic_73	dazzling_beautiful_58	bf5a3eeb-181b-5982-adc1-e48b6136201c		3afa3d3c-1e92-5f17-a4b9-7faebac10cb3	
synonym	laughable_incompetent_42	wholesale_agonizing_79	dcb38d9e-4d47-510b-8260-5dc9e92db441			13c9feb1-31a1-5daa-9474-a8baef0380b4
synonym	ethereal_ambitious_81	undesirable_entertaining_85	8d0b8492-abae-54e1-84b2-ca11da1e7034			7a8214ef-fc4d-521e-b8f6-024de16803da
synonym	righteous_obeisant_31	overjoyed_helpless_21	83e2e568-513b-5e81-adff-8f0d57986a2e		073e8406-fe44-508d-99ac-8d1178215725	
synonym	hysterical_nebulous_47	abundant_hospitable_92	380ebe07-af83-580b-be44-cb3a1be45241		ed815fdc-e79a-5c04-9923-2e00df423238	
synonym	ambitious_outstanding_36	momentous_subsequent_79	e855f370-3a2c-537a-af25-fb8e2df29924			ca441fda-15e5-5007-9940-4324b4fa68f6
synonym	overwrought_wandering_33	abounding_therapeutic_90	bfcc318e-5cc0-5c52-9ade-f45c66eacc1e			8bcc17ab-8adb-51a3-88b8-638beeeaa948
synonym	spiritual_glamorous_13	rebellious_disillusioned_25	41db1ab7-e2dc-58e1-8ad7-97596a87d8a4		0cb9718e-f313-59e4-8be9-3e2737961828	
