type	treatment_response_id	response	age_at_response	response_category	response_system	id	participant.id
treatment_response	dysfunctional_childlike_15	Mixed Response	1111	magnificent_merciful_48;Metastatic Soft Tissue and Bone Response	iRANO;obsolete_instinctive_58;RANO	61dbfd10-8ac2-5b23-a4ef-f6d76409dc0e	45bad7c5-c36f-5e9f-ab64-26c92847ee69
treatment_response	symptomatic_gullible_85	Stable Disease;Very Good Partial Response	1112	Other;Overall Response	Choi	413f224c-b52c-52b1-ae3f-56cb3b9070cf	c9c2e12c-f2f5-53ed-a124-17cc78bc82ae
treatment_response	embarrassed_evanescent_60	Non-Response	1113	Not Reported;Unknown	disillusioned_thundering_30;iRANO;Unknown	190129d3-9f4e-5381-9469-7063c7d91fcb	fd9d2a38-45ac-5a37-831c-d038906db7c8
treatment_response	luxuriant_adorable_53	No Evidence of Disease;Partial Response	1114	Not Reported;ordinary_cultured_85	Choi;permissible_thoughtful_67;RANO	ca87349f-c5fa-5fa7-ac68-da29ad54b3ac	74804170-e4cb-5d46-9d1c-6085b375c9dc
treatment_response	industrious_overrated_29	Very Good Partial Response	1115	overwrought_functional_92;Unknown	Unknown	667b43bb-51ed-5f8f-add1-e80942deeb26	74c0138f-80c5-58d6-a4fd-541e1185e1fb
treatment_response	imminent_domineering_83	Not Evaluable	1116	Non-Target Lesions;Target Lesions	RECIST	ef7efd16-160b-538f-bb97-2e1ebcfb23ea	4e83b289-dbea-5970-8dde-b2caa5ac3c62
treatment_response	shivering_inconclusive_10	Not Evaluable	1117	CNS Response;Myeloid Sarcoma Response;uttermost_overwrought_55	Choi;illustrious_reminiscent_7;PERCIST	a6c8106f-51c8-5896-aba4-ff3cd3f828ff	9024a9fd-2721-5242-8155-9d8bc7ee302f
treatment_response	pathetic_heavenly_68	Not Evaluable	1118	ambiguous_scientific_17;Not Reported;Primary Site Response	PERCIST;RANO	f8d43016-8264-598d-a679-f8eb7b68fe0c	343651be-74c3-56c5-bbfd-36525cc30b83
treatment_response	disgusted_inconclusive_81	Not Reported	1119	Bone Marrow Response;voracious_quickest_84	acceptable_ceaseless_91;Choi;Modified MacDonald	1fda5c62-87a7-56ed-be2f-b5f650e724bb	9813c034-191d-5951-ac62-501da0d8abec
treatment_response	venomous_permissible_37	Non-Response;Unknown	1120	horrible_colossal_49;Other;Unknown	iRANO	dbe1dad5-f211-54b2-99ca-de82b04667d3	d74531f1-dbff-5013-8d4e-b77691a15a34
treatment_response	garrulous_heartbreaking_47	Mixed Response	1121	Other	Modified MacDonald	55eb51c9-76cb-5565-989c-d0540d448e7d	0fecc1a2-2d0d-5c84-b2aa-3091a362f19b
treatment_response	nutritious_economic_12	Minor Response;Unknown	1122	CNS Response;friendly_volatile_7;Metastatic Soft Tissue and Bone Response	RECIST	e3394c3d-b9e9-538a-95a5-5c17f22e5276	da73be2e-37ac-5145-a3a4-a9056900a947
treatment_response	detailed_colossal_78	Not Reported	1123	Non-Target Lesions;Unknown	INRC, Park 2017;Modified MacDonald	e9a3f26c-e7f8-545f-b9e0-b78808452f0b	3afa3d3c-1e92-5f17-a4b9-7faebac10cb3
treatment_response	shocking_periodic_94	Very Good Partial Response	1124	ambiguous_freezing_58;Not Reported;Unknown	INRC, Park 2017;RECIST;reminiscent_materialistic_66	b9bbc11a-c2ae-563d-b35e-8ccf1c14b0d8	b251b91a-3ece-5024-a01e-1aa4787d9d0a
treatment_response	decisive_straight_72	Not Done;Stable Disease	1125	flawless_aromatic_3;Metastatic Soft Tissue and Bone Response;Primary Site Response	Modified MacDonald;quarrelsome_obtainable_9	0d38c3ac-56bc-5dba-a13b-b3fe5d860dfc	3e5d4ebe-0775-5a05-b19a-7a2306335dde
treatment_response	questionable_humorous_23	Non-Response	1126	CNS Response	INRC, Brodeur 1993	1302dfa5-726a-51ed-8810-acb7d896bed8	073e8406-fe44-508d-99ac-8d1178215725
treatment_response	defeated_addicted_7	No Evidence of Disease	1127	Bone Marrow Response;Myeloid Sarcoma Response;whimsical_malicious_71	agonizing_fantastic_50;iRANO	b307831b-9e5c-5ad3-ad6b-f4a7763e187f	ed815fdc-e79a-5c04-9923-2e00df423238
treatment_response	bewildered_abstracted_34	Partial Response	1128	agonizing_quixotic_86;CNS Response	exuberant_adventurous_64;PERCIST;RAPNO	e9592c91-aab1-5520-a1c9-916b405bfaf5	ec6efedf-e54e-52d1-bad3-5dabdd35fe06
treatment_response	parsimonious_auspicious_0	Very Good Partial Response	1129	Non-Target Lesions;Unknown	apathetic_picayune_68;Choi	225d1d15-eb7d-50c6-8989-a82d48f4ff7a	0c2c6bdc-79cb-5b24-bcbf-6f2dea868e3c
treatment_response	old-fashioned_scintillating_85	Mixed Response	1130	Primary Site Response	RAPNO	bb0010e0-f03c-5240-b77e-a24b76b36ce0	0cb9718e-f313-59e4-8be9-3e2737961828
