type	study_funding_id	funding_agency	grant_id	funding_source_program_name	id	study.id
study_funding	abortive_whispering_77	sweltering_numerous_79	nonchalant_efficacious_61	draconian_childlike_24	a7b0e54a-5d02-5871-9a58-5830de8a40b2	8c6f52c9-35b1-5224-844c-970fa62af3f7
study_funding	relieved_laughable_58	efficacious_credible_16	judicious_obsolete_62	impossible_inconclusive_58	fc1fdff2-4c25-5230-9337-c26baaae19b4	8c6f52c9-35b1-5224-844c-970fa62af3f7
study_funding	determined_scattered_39	adventurous_venomous_4	ruthless_momentous_78	straight_ordinary_7	13daab09-b7cd-52b0-9d83-140f8766c5de	8c6f52c9-35b1-5224-844c-970fa62af3f7
study_funding	impossible_exuberant_15	depressed_capricious_51	nebulous_flippant_94	condemned_outrageous_35	0af11908-0973-5990-9d68-141973700a1e	8c6f52c9-35b1-5224-844c-970fa62af3f7
study_funding	accurate_nondescript_7	enthusiastic_satisfying_94	quickest_embarrassed_27	fearless_arrogant_30	84f639b7-3adb-5f8a-b3e0-1463edd79695	8c6f52c9-35b1-5224-844c-970fa62af3f7
