type	treatment_id	age_at_treatment_start	age_at_treatment_end	treatment_type	treatment_agent	id	participant.id
treatment	aberrant_rightful_95	1111	2222	Surgical Procedure	Double-armed TMZ-CD40L/4-1BBL Oncolytic Ad5/35 Adenovirus LOAd703;ubiquitous_inexpensive_48	5f32b770-ccd5-5693-855f-3ea220f75400	45bad7c5-c36f-5e9f-ab64-26c92847ee69
treatment	resolute_agonizing_20	1112	2223	Chemotherapy	Bisantrene;Pixantrone Dimaleate	eb32b4f6-8d66-5422-8a76-0f5cf7cc3739	c9c2e12c-f2f5-53ed-a124-17cc78bc82ae
treatment	yielding_substantial_0	1113	2224	Intensity-Modulated Radiation Therapy;Photon Beam Radiation Therapy	Canfosfamide Hydrochloride;foregoing_satisfying_85	82178bdc-4444-5794-9b9e-a0c7bc3a2918	fd9d2a38-45ac-5a37-831c-d038906db7c8
treatment	different_lackadaisical_35	1114	2225	Intensity-Modulated Radiation Therapy	Anti-CD47 Monoclonal Antibody SHR-1603;credible_abortive_45;PIM Kinase Inhibitor TP-3654	0675ebd4-022a-5b81-8d10-df2444fa056f	74804170-e4cb-5d46-9d1c-6085b375c9dc
treatment	tasteless_picayune_10	1115	2226	Chemotherapy	Autologous Bispecific CD19/CD22-targeted CAR-T Cells GC022;heartbreaking_straight_53;Recombinant Bacterial Minicells VAX014	b1b12289-b197-5f6d-9a14-aa4f0a9f8cd8	74c0138f-80c5-58d6-a4fd-541e1185e1fb
treatment	nondescript_teeny-tiny_6	1116	2227	Immunotherapy	Anti-TIM3 Monoclonal Antibody LY3321367;freezing_outstanding_35	0380d523-0a3f-52d6-8a65-2a5b77378c6a	4e83b289-dbea-5970-8dde-b2caa5ac3c62
treatment	inexpensive_comfortable_62	1117	2228	Brachytherapy;Radiation Therapy	Aceglatone;nonchalant_capricious_34;PGLA/PEG Copolymer-Based Paclitaxel	d5c2626f-b874-5e7f-81e8-8e70462cbc11	9024a9fd-2721-5242-8155-9d8bc7ee302f
treatment	tasteless_functional_94	1118	2229	Electron Beam Radiation Therapy	BRD4 Inhibitor PLX2853;Checkpoint Kinase Inhibitor AZD7762;rightful_dispensable_96	a116ed8b-92fb-57c7-8bd4-7df0e1eef03d	343651be-74c3-56c5-bbfd-36525cc30b83
treatment	scandalous_frightened_53	1119	2230	Concurrent Chemoradiation	attractive_substantial_65;Enpromate	631c7955-2c0d-5076-b586-95c80732d17b	9813c034-191d-5951-ac62-501da0d8abec
treatment	uncovered_harmonious_30	1120	2231	Intensity-Modulated Radiation Therapy;Surgical Procedure	Smoothened Antagonist LEQ506	fa63f172-a70c-5549-aa88-64b6c566603e	d74531f1-dbff-5013-8d4e-b77691a15a34
treatment	gruesome_nutritious_82	1121	2232	Proton Beam Radiation Therapy	aromatic_successful_6;NY-ESO-1 Plasmid DNA Cancer Vaccine pPJV7611	69b32861-cbac-5f29-b4c8-a33497a8dd65	0fecc1a2-2d0d-5c84-b2aa-3091a362f19b
treatment	numberless_needless_96	1122	2233	Brachytherapy;Stem Cell Transplant	HLA-A*2402-Restricted Multipeptide Vaccine S-488410;Linifanib	21a81908-53a0-5a94-a890-aff11071ffbc	da73be2e-37ac-5145-a3a4-a9056900a947
treatment	standing_rightful_71	1123	2234	Conventional Radiotherapy;Palliative Care	Anti-LAG3 Monoclonal Antibody TSR-033	1d18eafe-3882-5a10-b715-f41cbd27c400	3afa3d3c-1e92-5f17-a4b9-7faebac10cb3
treatment	homeless_grandiose_13	1124	2235	Intensity-Modulated Radiation Therapy;Low-Dose Rate Brachytherapy	Anti-TIGIT Monoclonal Antibody BGB-A1217;satisfying_unbecoming_74	af0e46cd-3378-5f62-9b86-5398374ba349	b251b91a-3ece-5024-a01e-1aa4787d9d0a
treatment	unaccountable_blushing_71	1125	2236	Brachytherapy;Stem Cell Transplant	Pyrazinamide	1c4927d6-cae3-56ef-9b7f-83d81542556d	3e5d4ebe-0775-5a05-b19a-7a2306335dde
treatment	workable_adjoining_40	1126	2237	Low-Dose Rate Brachytherapy	abounding_abhorrent_96;Hycanthone	1103e410-7512-5128-b510-4f0447e61df1	073e8406-fe44-508d-99ac-8d1178215725
treatment	youthful_faithful_61	1127	2238	Conventional Radiotherapy	CDK2 Inhibitor PF-07104091;psychotic_terrible_33;Transferrin Receptor-Targeted Liposomal p53 cDNA	bcd48e8a-583b-54cd-9500-9a95636f9d06	ed815fdc-e79a-5c04-9923-2e00df423238
treatment	fascinated_majestic_11	1128	2239	3-Dimensional Conformal Radiation Therapy;Targeted Molecular Therapy	Androgen Receptor Antisense Oligonucleotide AZD5312;Valspodar	9b0061b4-a7b8-5151-9672-7fed17fea622	ec6efedf-e54e-52d1-bad3-5dabdd35fe06
treatment	instinctive_coherent_74	1129	2240	Low-Dose Rate Brachytherapy;Targeted Molecular Therapy	abrasive_rhetorical_87;Rosuvastatin	cf413bfa-bf38-5824-b3bc-1af1124e18da	0c2c6bdc-79cb-5b24-bcbf-6f2dea868e3c
treatment	voiceless_scattered_5	1130	2241	Conventional Radiotherapy	Birinapant	732e8bcc-812d-564e-8883-f3c597598e97	0cb9718e-f313-59e4-8be9-3e2737961828
