type	radiology_file_id	file_name	data_category	file_type	file_description	file_size	md5sum	file_mapping_level	file_access	acl	authz	file_url	dcf_indexd_guid	anatomic_site	image_modality	deidentification_method	participant_age_at_imaging	magnetic_field_strength	scanner_manufacturer	scanner_model	imaging_frequency	repetition_time	echo_time	inversion_time	flip_angle	pixel_spacing	slice_thickness	echoPulseSequenceCategoryCode	diffusionBValue	diffusionDirectionalityCode	resonantNucleusCode	acquisitionContrastCode	inversionRecoveryIndicator	pulseSequenceName	multipleSpinEchoIndicator	phaseContrastIndicator	timeOfFlightContrastIndicator	arterialSpinLabelingContrastCode	steadyStatePulseSequenceCode	echoPlanarPulseSequenceIndicator	saturationRecoveryIndicator	spectrallySelectedSuppressionCode	mrImageReconstructionProtocolElement	complexImageComponentCode	crdc_id	id	participant.id
radiology_file	disgusted_defeated_64	slippery_honorable_66	Methylation Array;Structural Variation	maf	accessible_adventurous_79	173879	cb65bc789ef1dd4d2da548096b647ddf	Sample	Controlled	['childlike_subsequent_2']	['/programs/childlike_subsequent_2']	s3://redundant_teeny-tiny_44	dg.4DFC/7b60b196-f8a8-4527-aecf-3a37db236e69	C54.3 : Fundus uteri;combative_accurate_45	secretive_nonchalant_28	automatic	1111	overconfident_glamorous_5	inquisitive_pastoral_29	important_quixotic_46	old-fashioned_vivacious_54	motionless_distinct_22	receptive_difficult_62	important_hesitant_72	flippant_unbiased_23	ossified_neighborly_97	exuberant_adjoining_36	needless_malicious_9	steadfast_tasteful_36	abounding_picayune_64	abundant_draconian_60	fortunate_uttermost_6	majestic_threatening_12	psychotic_cheerful_40	quickest_panoramic_68	permissible_foregoing_20	powerful_pathetic_96	cheerful_quickest_96	spectacular_entertaining_43	stimulating_didactic_8	unsuitable_uninterested_43	graceful_squealing_95	materialistic_majestic_47	outstanding_forgetful_49	determined_helpless_41	e75456a6-00a8-5f9c-8cd1-8ee2614c1c4c	45bad7c5-c36f-5e9f-ab64-26c92847ee69
radiology_file	obtainable_fortunate_19	incandescent_delicious_83	Generic;imported_skillful_27;Structural Variation	tsv	sweltering_ruthless_7	259576	376df36cf64d2c9ee731dd2b29a70093	Participant	Open	['*']	['/open']	s3://deserted_damaging_51	dg.4DFC/484e4d61-55e8-4d50-a4ff-3588eb16260f	C69.4 : Ciliary body	Panoramic X-Ray	hypnotic_invincible_14	1112	hilarious_obnoxious_88	maddening_abortive_45	alcoholic_abhorrent_33	spotless_ossified_21	nostalgic_defeated_48	capricious_tranquil_89	unbecoming_homeless_64	whimsical_comfortable_91	accurate_blue-eyed_90	worthless_youthful_69	symptomatic_internal_37	splendid_devilish_99	abrasive_observant_26	majestic_adhesive_44	accidental_distinct_0	outrageous_flipped-out_19	barbarous_acceptable_92	combative_materialistic_6	pastoral_scandalous_63	wrathful_futuristic_33	illustrious_subsequent_90	likeable_gorgeous_8	miniature_aggressive_10	slippery_unbecoming_27	ambiguous_ruthless_8	educated_succinct_86	axiomatic_talented_22	thundering_frightened_61	d6a2ae39-074f-56ad-be3c-f1da12d84d2f	c9c2e12c-f2f5-53ed-a124-17cc78bc82ae
radiology_file	fearless_hesitant_37	fanatical_tranquil_56	Copy Number Variation;Methylation Clinical Report	bai	inquisitive_uncovered_63	687788	5f348446c777aebcd4a16913d396c797	Sample	Open	['*']	['/open']	s3://ambiguous_ceaseless_99	dg.4DFC/1065621e-44e2-4af5-b560-c9244719fe03	C50.3 : Lower-inner quadrant of breast;C51.2 : Clitoris;obsequious_flagrant_24	Positron Emission Tomography	wonderful_cooperative_84	1113	ethereal_disagreeable_44	honorable_ceaseless_15	venomous_abortive_75	hilarious_wide-eyed_51	animated_instinctive_16	psychotic_victorious_62	subsequent_dispensable_56	grandiose_whispering_71	merciful_forgetful_63	volatile_numerous_86	accurate_ossified_66	doubtful_adorable_26	statuesque_ordinary_32	cowardly_inquisitive_56	symptomatic_earsplitting_58	difficult_embarrassed_82	didactic_depressed_46	assorted_shivering_20	receptive_guiltless_49	pleasant_devilish_82	acoustic_disagreeable_90	thinkable_voiceless_26	tangible_encouraging_87	assorted_condemned_17	momentous_wandering_73	flippant_barbarous_43	decorous_volatile_34	shocking_fortunate_2	e56332a3-b109-5f62-8b28-83d73377b53e	fd9d2a38-45ac-5a37-831c-d038906db7c8
radiology_file	thundering_changeable_35	domineering_fluttering_12	Gene Expression	enthusiastic_breakable_66	historical_mindless_17	879338	fb9df379750169a678e6beffd3cf55ac	Study	Open	['*']	['/open']	s3://symptomatic_abundant_87	dg.4DFC/f85fa6bd-e683-4423-81ad-9872109a0c58	C03.0 : Upper gum;C49.4 : Connective, subcutaneous and other soft tissues of abdomen	imminent_changeable_78	alcoholic_spotless_61	1114	relieved_detailed_64	juvenile_ignorant_57	protective_splendid_31	juvenile_colossal_64	distinct_ethereal_43	garrulous_aberrant_94	encouraging_disgusted_22	thankful_numberless_60	defeated_steadfast_35	venomous_adaptable_94	credible_honorable_34	succinct_didactic_29	cowardly_gigantic_78	secretive_incompetent_14	auspicious_honorable_88	precious_omniscient_29	deserted_miscreant_38	temporary_incandescent_90	breakable_incandescent_59	fortunate_obsolete_62	overconfident_enchanting_21	nebulous_stimulating_46	makeshift_detailed_71	recondite_comfortable_24	ordinary_faithful_97	penitent_ruthless_35	aspiring_panoramic_51	divergent_adaptable_58	93055374-bf1a-5f61-acde-c1b62ad78daa	74804170-e4cb-5d46-9d1c-6085b375c9dc
radiology_file	dramatic_parsimonious_1	redundant_invincible_37	Tumor Normal Clinical Report	miniature_unadvised_14	blushing_heartbreaking_81	373143	e352cdc28084a1e145edf40aefad841c	Study	Controlled	['childlike_subsequent_2']	['/programs/childlike_subsequent_2']	s3://childlike_psychedelic_36	dg.4DFC/e34afa73-d97f-4645-8b01-565ccdeea353	C57.0 : Fallopian tube	inquisitive_disagreeable_13	obedient_discreet_57	1115	impartial_beautiful_94	uncovered_comfortable_80	scattered_delightful_85	harmonious_fascinated_51	flipped-out_hilarious_31	friendly_powerful_94	woebegone_educated_5	voracious_squealing_13	nondescript_comfortable_30	selective_wonderful_81	standing_attractive_89	abounding_embarrassed_7	mysterious_truculent_31	squeamish_malicious_3	aboriginal_instinctive_56	nostalgic_abhorrent_71	thundering_faithful_32	impossible_guiltless_11	obsequious_efficient_90	voiceless_thankful_48	periodic_energetic_63	unsuitable_flipped-out_68	efficient_adhesive_67	rightful_squealing_28	foregoing_obtainable_26	disagreeable_outstanding_94	blue-eyed_unsightly_67	thoughtful_wandering_63	ccdb0e87-7371-5fdb-a449-f0af87168b2b	74c0138f-80c5-58d6-a4fd-541e1185e1fb
radiology_file	selective_innocent_93	economic_quarrelsome_96	Generic;Simple Nucleotide Variation;youthful_picayune_66	magnificent_honorable_18	credible_cooperative_83	809771	021c01d24e95b7b0d3bc8ecacccb5ce4	Sample	Open	['*']	['/open']	s3://nonchalant_thundering_31	dg.4DFC/49596c1d-e5c9-4de3-942e-f189cd56b3be	C18.9 : Colon, NOS;C25.7 : Other specified parts of pancreas	likeable_defective_20	automatic	1116	scandalous_standing_45	draconian_horrible_63	cheerful_skillful_76	efficient_abortive_87	homeless_instinctive_24	comfortable_perpetual_99	standing_draconian_62	succinct_substantial_57	unaccountable_alluring_81	squeamish_friendly_58	grotesque_cowardly_43	observant_possessive_94	abstracted_acceptable_55	breakable_abounding_78	miniature_grotesque_4	splendid_symptomatic_18	workable_wasteful_16	symptomatic_scandalous_24	barbarous_scattered_39	parsimonious_successful_99	cooperative_frightened_13	motionless_omniscient_49	pathetic_imported_26	quarrelsome_voracious_95	kindhearted_truculent_42	comfortable_nebulous_2	gullible_likeable_56	old-fashioned_statuesque_12	d77deb28-c19a-5f41-9c28-75a335fcb4f7	4e83b289-dbea-5970-8dde-b2caa5ac3c62
radiology_file	gorgeous_deafening_71	venomous_successful_6	COG Clinical Report;Simple Nucleotide Variation;wretched_astonishing_13	statuesque_obeisant_58	comfortable_highfalutin_18	213431	3c16bad9178d4f9831be3c074aee19c9	Participant	Controlled	['childlike_subsequent_2']	['/programs/childlike_subsequent_2']	s3://uttermost_hallowed_35	dg.4DFC/7ef37846-9bd5-43ef-b794-0dfcabcf705b	C18.9 : Colon, NOS;C68.1 : Paraurethral gland	Magnetic Resonance	Not applicable	1117	ambiguous_nauseating_83	hesitant_acoustic_55	squeamish_determined_74	credible_hilarious_29	deafening_attractive_73	imperfect_accidental_50	depressed_gruesome_52	plausible_tasteless_99	delightful_successful_85	draconian_pastoral_67	venomous_splendid_34	tiresome_cultured_71	boundless_penitent_17	numberless_abnormal_38	innocent_graceful_31	quixotic_blushing_91	truculent_alluring_53	ethereal_accessible_83	heartbreaking_guiltless_69	ordinary_impartial_58	threatening_devilish_67	adaptable_majestic_84	futuristic_axiomatic_59	merciful_determined_74	boundless_educated_25	righteous_forgetful_87	repulsive_psychotic_86	merciful_spiritual_0	0f51fd14-38db-5dc9-a3d8-39e3cc6aad4d	9024a9fd-2721-5242-8155-9d8bc7ee302f
radiology_file	fallacious_rebellious_16	rebellious_hilarious_16	Clinical;Gene Fusion Clinical Report;lamentable_obnoxious_66	nifti	synonymous_rightful_60	557403	4def6a4b1b2f45f34962f91ea3a7db2d	Study	Controlled	['childlike_subsequent_2']	['/programs/childlike_subsequent_2']	s3://tangible_ludicrous_90	dg.4DFC/e4574231-1d30-42a0-99c0-3bc9bbc84d86	C44.8 : Overlapping lesion of skin;C69.1 : Cornea, NOS	Magnetic Resonance	Not applicable	1118	dispensable_psychedelic_90	abstracted_wide-eyed_24	unequaled_horrible_38	accessible_tasteful_65	thundering_resonant_42	illustrious_important_70	shivering_abandoned_17	possessive_cheerful_41	spectacular_substantial_29	impartial_questionable_65	efficacious_evanescent_58	ignorant_adventurous_50	squealing_pointless_66	lopsided_whispering_56	noiseless_efficient_16	foregoing_cloistered_90	spurious_adventurous_59	deserted_chivalrous_93	picayune_glamorous_84	reflective_ubiquitous_57	enchanting_nutritious_20	unbiased_cowardly_96	teeny-tiny_decisive_87	hysterical_guiltless_60	old-fashioned_momentous_84	ossified_troubled_35	defective_nostalgic_69	perpetual_merciful_9	5ad82bf4-0b89-5798-ad0a-94af0b3828c9	343651be-74c3-56c5-bbfd-36525cc30b83
radiology_file	detailed_charming_13	sweltering_voiceless_22	exclusive_fluttering_57;Radiology Imaging	splendid_disgusted_24	repulsive_rhetorical_96	654912	eb7c96e6e6b2fb193e3496f9bbdf52f7	Sample	Controlled	['childlike_subsequent_2']	['/programs/childlike_subsequent_2']	s3://psychotic_spotless_56	dg.4DFC/6a6f0e5c-2eec-481f-8a61-48612c6380cf	C57.7 : Other specified parts of female genital organs;horrible_delicious_14	Positron Emission Tomography	talented_obtainable_65	1119	stimulating_reminiscent_68	venomous_honorable_81	adorable_secretive_46	grandiose_impartial_1	hilarious_exclusive_30	abstracted_horrible_34	incandescent_scintillating_23	absorbing_cowardly_70	hypnotic_grieving_0	straight_adventurous_73	nondescript_blushing_12	worthless_questionable_87	dispensable_decorous_73	obtainable_hesitant_39	hilarious_depressed_67	fortunate_impartial_50	romantic_deafening_82	beautiful_steadfast_0	imperfect_bewildered_71	functional_gullible_59	astonishing_steadfast_63	tiresome_political_55	quixotic_gruesome_8	substantial_adjoining_71	neighborly_fanatical_19	political_lamentable_91	historical_parsimonious_1	succinct_exultant_98	ccb4ecb6-bec9-5b37-a8ec-242a59c94b9d	9813c034-191d-5951-ac62-501da0d8abec
radiology_file	cheerful_synonymous_47	fallacious_snobbish_78	heartbreaking_obsolete_27;Methylation Clinical Report;Pathology Imaging	cram_index	wonderful_forgetful_64	432442	b17307eaf1c65c6df3a75aea86cc341c	Study	Controlled	['childlike_subsequent_2']	['/programs/childlike_subsequent_2']	s3://permissible_imminent_71	dg.4DFC/273a58c8-67c9-41c5-ab3d-febe62e6758a	C06.2 : Retromolar area;C09.1 : Tonsillar pillar	different_aberrant_14	synonymous_invincible_95	1120	plausible_accidental_54	whimsical_knowledgeable_52	accessible_confused_35	spurious_accidental_27	instinctive_disgusted_61	hysterical_cloistered_8	numberless_ambitious_34	flagrant_thinkable_27	secretive_thundering_18	earsplitting_troubled_90	thankful_heavenly_77	receptive_coherent_77	fantastic_abundant_54	important_fallacious_40	thankful_divergent_42	adjoining_endurable_62	political_holistic_78	undesirable_exultant_39	miniature_threatening_42	truculent_capricious_41	adventurous_handsome_39	mysterious_coherent_40	satisfying_miniature_42	harmonious_addicted_18	splendid_inexpensive_82	quickest_scattered_42	questionable_tasteful_85	colorful_evanescent_67	efd2a50d-8d23-53de-b150-e751a846d886	d74531f1-dbff-5013-8d4e-b77691a15a34
radiology_file	majestic_helpless_91	discreet_political_82	Clinical;Generic;unbecoming_troubled_84	inexpensive_productive_5	dangerous_credible_39	389588	428e3a1c1ba53b82d2088d40025161fb	Participant	Controlled	['childlike_subsequent_2']	['/programs/childlike_subsequent_2']	s3://economic_likeable_32	dg.4DFC/fb06fa0f-7cd3-451e-a4dc-6e4e064955c6	C44.5 : Skin of trunk	Computed Tomography	successful_penitent_37	1121	draconian_diligent_95	aberrant_overjoyed_39	standing_garrulous_90	unsightly_imported_78	overrated_changeable_9	slippery_chivalrous_42	nostalgic_accurate_67	obedient_lackadaisical_87	ambiguous_resonant_81	imaginary_axiomatic_15	impartial_wrathful_52	talented_decisive_64	dysfunctional_wandering_35	gruesome_expensive_38	rightful_penitent_21	woebegone_shivering_61	incompetent_fearless_87	satisfying_plausible_77	confused_unaccountable_89	teeny-tiny_heartbreaking_63	skillful_kindhearted_35	penitent_panoramic_2	gullible_fluttering_1	discreet_overjoyed_79	exuberant_grotesque_52	hesitant_threatening_23	absorbed_secretive_71	concerned_kindhearted_88	a286705c-c8da-595c-ad3d-615c3e9a05a1	0fecc1a2-2d0d-5c84-b2aa-3091a362f19b
radiology_file	earsplitting_knowledgeable_89	freezing_vigorous_80	encouraging_questionable_12;Generic	vmu	tasteful_flippant_4	668016	1ae0c79934643f3cd223dd80cf06909d	Participant	Controlled	['childlike_subsequent_2']	['/programs/childlike_subsequent_2']	s3://adaptable_rightful_9	dg.4DFC/909482e7-6d23-4779-80af-90bd44abb215	C38.4 : Pleura, NOS	horrible_deserted_38	semiautomatic	1122	draconian_beautiful_95	peaceful_dispensable_38	helpless_annoying_94	absorbed_adjoining_73	childlike_possessive_85	astonishing_aggressive_38	numerous_concerned_22	gleaming_abundant_6	attractive_symptomatic_1	boundless_neighborly_97	ruthless_annoying_60	scattered_lackadaisical_77	unbecoming_flipped-out_30	enthusiastic_aboriginal_63	hesitant_merciful_60	fortunate_psychotic_35	wandering_voiceless_10	enchanting_squeamish_68	unaccountable_abundant_23	innocent_unequaled_22	nondescript_pointless_73	deafening_faithful_48	inquisitive_ethereal_75	instinctive_imminent_78	barbarous_blushing_38	efficacious_grieving_26	wrathful_lopsided_97	fabulous_internal_74	c50c8248-94a2-5b92-91e3-c5995b163452	da73be2e-37ac-5145-a3a4-a9056900a947
radiology_file	noiseless_imperfect_76	efficacious_deranged_44	Pathology Imaging;Tumor Normal Clinical Report	xls	guiltless_unsuitable_70	68213	53420398c76cfc6c80fe6254cbb99bf1	Study	Open	['*']	['/open']	s3://overwrought_rightful_25	dg.4DFC/2dd8f9a9-dc74-4f4f-8d1a-34652bf96ac6	C13.0 : Postcricoid region;C69.3 : Choroid	dazzling_wasteful_50	resonant_tangible_9	1123	teeny-tiny_vivacious_51	discreet_thoughtful_15	foregoing_incandescent_81	thankful_relieved_59	worthless_whimsical_54	majestic_overrated_28	squeamish_thundering_47	handsome_boundless_32	rambunctious_reflective_64	evanescent_alcoholic_37	resonant_scientific_66	capricious_obtainable_9	therapeutic_unbiased_43	flawless_abandoned_57	reflective_abstracted_28	ethereal_understood_57	youthful_devilish_24	efficacious_spurious_83	condemned_encouraging_3	habitual_redundant_33	accurate_imported_72	wandering_unsuitable_34	spurious_imminent_47	towering_stereotyped_36	difficult_spectacular_41	imaginary_therapeutic_55	sweltering_ossified_68	gorgeous_substantial_24	8eed40d7-d1af-5b22-9c05-1ef447df653d	3afa3d3c-1e92-5f17-a4b9-7faebac10cb3
radiology_file	domineering_scandalous_91	educated_dispensable_6	Clinical;Structural Variation	maf	debonair_unadvised_89	498477	1a2debe56db750a347174a52e7bda665	Study	Controlled	['childlike_subsequent_2']	['/programs/childlike_subsequent_2']	s3://charming_delicious_41	dg.4DFC/7fb48af0-e665-4d05-a77b-67c4342701ba	C49.1 : Connective, subcutaneous and other soft tissues of upper limb and shoulder;C68.0 : Urethra	cooperative_outstanding_50	manual	1124	rightful_combative_64	abnormal_precious_22	numerous_colossal_99	invincible_uttermost_79	available_statuesque_10	alcoholic_overconfident_74	efficient_blushing_69	industrious_obsolete_15	grandiose_lamentable_5	encouraging_productive_31	spurious_entertaining_3	inexpensive_heartbreaking_77	delightful_disagreeable_40	accessible_squealing_25	rambunctious_therapeutic_90	spectacular_protective_90	devilish_industrious_88	peaceful_addicted_87	unsuitable_exultant_17	fanatical_flagrant_55	inquisitive_pointless_15	scintillating_penitent_19	fanatical_discreet_97	glamorous_comfortable_48	resolute_resonant_77	inexpensive_absorbed_35	straight_heartbreaking_4	astonishing_psychotic_56	47422c1e-bd25-568c-87df-0baa31872c54	b251b91a-3ece-5024-a01e-1aa4787d9d0a
radiology_file	flippant_evanescent_49	flawless_lopsided_28	COG Clinical Report;coherent_industrious_53	tiresome_magnificent_40	powerful_cheerful_29	133976	a9b2c6b6035271154c713af0d35ad9d5	Participant	Controlled	['childlike_subsequent_2']	['/programs/childlike_subsequent_2']	s3://obtainable_childlike_14	dg.4DFC/4ed5c1d1-6b99-46e1-a1cf-29071302177d	C14.8 : Overlapping lesion of lip, oral cavity and pharynx;C53.0 : Endocervix	hilarious_disillusioned_84	horrible_frightened_35	1125	fabulous_lackadaisical_45	maniacal_heartbreaking_42	splendid_unsightly_20	blue-eyed_didactic_22	juvenile_vivacious_70	reminiscent_watchful_76	glorious_observant_92	deranged_ubiquitous_46	horrible_decisive_66	exultant_agreeable_9	highfalutin_skillful_49	distinct_charming_26	quickest_honorable_45	lackadaisical_gullible_98	thinkable_distinct_68	flippant_harmonious_58	expensive_miniature_81	old-fashioned_quixotic_54	educated_impartial_56	accurate_hallowed_82	efficacious_talented_28	delicious_disgusted_94	combative_obnoxious_35	abrasive_cooperative_40	squealing_unbiased_49	literate_lamentable_13	questionable_abounding_3	depressed_resonant_63	a4ec56f5-1836-5d05-9087-ffeb5851bfd4	3e5d4ebe-0775-5a05-b19a-7a2306335dde
radiology_file	abnormal_wonderful_70	slippery_truculent_38	possessive_comfortable_1;Simple Nucleotide Variation	kindhearted_wasteful_40	victorious_evanescent_71	196402	2c712828827bf321ccbda3ff2c97380c	Sample	Open	['*']	['/open']	s3://hospitable_uncovered_58	dg.4DFC/fb4cee71-3cf9-4371-ac82-f0b51fc25cd3	C10.9 : Oropharynx, NOS;charming_standing_13	toothsome_ossified_14	semiautomatic	1126	assorted_perpetual_87	draconian_animated_26	didactic_inexpensive_67	apathetic_hysterical_89	precious_accidental_24	panoramic_luxuriant_46	historical_impossible_52	charming_condemned_66	motionless_instinctive_99	fallacious_aggressive_9	innocent_rambunctious_80	omniscient_pastoral_26	hallowed_fanatical_78	wide-eyed_righteous_58	maddening_nonchalant_16	momentous_grotesque_36	undesirable_condemned_29	obsolete_alluring_23	internal_successful_94	straight_encouraging_23	quickest_detailed_48	incandescent_ambiguous_4	embarrassed_dramatic_55	ossified_painstaking_77	discreet_friendly_43	divergent_disgusted_49	helpless_dysfunctional_62	truculent_hospitable_85	8093cb32-ef8d-57f1-8c02-a7b84114903c	073e8406-fe44-508d-99ac-8d1178215725
radiology_file	grandiose_woebegone_47	kindhearted_changeable_35	IGM Clinical Sequence;Pathology Imaging	maddening_charming_15	horrible_astonishing_72	291966	e9dd91e8f23eb20dd4edf047dfe2e50e	Study	Open	['*']	['/open']	s3://towering_disillusioned_88	dg.4DFC/f8186879-a9a8-404a-a7be-b49de5672aaa	C06.0 : Buccal mucosa;C16.3 : Gastric antrum;highfalutin_hesitant_77	apathetic_industrious_93	Not applicable	1127	illustrious_quarrelsome_98	screeching_volatile_95	historical_aboriginal_57	obsequious_nostalgic_96	exultant_gorgeous_87	maddening_quixotic_47	tiresome_industrious_80	apathetic_outstanding_6	tasteful_diligent_32	alcoholic_undesirable_68	uttermost_redundant_77	expensive_assorted_17	ordinary_ruthless_53	astonishing_vivacious_3	satisfying_mindless_33	stimulating_talented_46	recondite_peaceful_62	substantial_colossal_66	gorgeous_horrible_25	selective_fantastic_40	ethereal_permissible_1	inquisitive_literate_99	receptive_thankful_46	scientific_outrageous_43	annoying_resolute_70	fantastic_courageous_94	scattered_hesitant_57	romantic_selective_83	f63b1a36-90bd-54af-a3a7-b06418349b3d	ed815fdc-e79a-5c04-9923-2e00df423238
radiology_file	painstaking_debonair_11	ambitious_obeisant_48	Gene Fusion Clinical Report	wandering_knowledgeable_57	vigorous_periodic_44	418515	f87bb461aa3ecbd750c541c5a00c29a9	Participant	Controlled	['childlike_subsequent_2']	['/programs/childlike_subsequent_2']	s3://humorous_evanescent_14	dg.4DFC/9921c3e3-2d99-4283-ac18-367c8b4dc0be	C49.9 : Muscle, NOS;C62.1 : Descended testis;juvenile_substantial_57	difficult_scintillating_76	pastoral_inquisitive_15	1128	mindless_whimsical_59	endurable_venomous_8	agonizing_quizzical_84	frightened_unaccountable_41	wholesale_mysterious_48	guttural_quickest_66	handsome_delicious_7	gleaming_excellent_55	cloistered_agonizing_26	abnormal_overjoyed_47	absorbing_grandiose_5	ambiguous_terrible_19	gruesome_fallacious_97	didactic_abandoned_19	merciful_scintillating_94	charming_dispensable_25	defective_slippery_52	frightened_ludicrous_85	unsuitable_spiritual_33	unadvised_nostalgic_77	chivalrous_faithful_53	foregoing_different_75	pointless_woebegone_61	thankful_credible_43	succinct_satisfying_49	abounding_agonizing_51	glorious_endurable_41	overwrought_grotesque_83	2e45ec45-0a6e-5237-a620-1b4944822df1	ec6efedf-e54e-52d1-bad3-5dabdd35fe06
radiology_file	entertaining_depressed_71	grieving_changeable_84	alcoholic_delicious_10;Gene Fusion Clinical Report;IGM Clinical Report	chivalrous_acoustic_1	thundering_obsolete_13	68870	14c86d20572eeba0ce31445cd4a2c7be	Participant	Controlled	['childlike_subsequent_2']	['/programs/childlike_subsequent_2']	s3://victorious_ceaseless_55	dg.4DFC/ae29c790-ddea-4b11-87dd-af3e6f6cce26	C11.0 : Superior wall of nasopharynx;lopsided_colossal_31	overrated_successful_37	obsequious_romantic_38	1129	teeny-tiny_guttural_43	protective_cowardly_54	functional_cloistered_75	gullible_pastoral_86	thundering_cowardly_48	belligerent_tranquil_65	nutritious_important_6	squealing_fortunate_94	fallacious_fantastic_58	gullible_aromatic_4	rebellious_blue-eyed_22	glamorous_damaging_96	imaginary_addicted_71	garrulous_available_21	helpless_humorous_0	unaccountable_vivacious_80	ossified_important_85	slippery_scientific_76	towering_undesirable_94	earsplitting_abrasive_76	friendly_protective_17	grieving_diligent_10	needless_energetic_70	picayune_damaging_97	standing_bewildered_15	freezing_substantial_1	overconfident_aboriginal_99	recondite_breakable_30	20370a27-5dac-5062-bf23-67ebfcfeb3b6	0c2c6bdc-79cb-5b24-bcbf-6f2dea868e3c
radiology_file	spotless_needless_65	adaptable_aromatic_51	Pathology Imaging;scandalous_flawless_84	synonymous_invincible_57	talented_capricious_96	884634	cb8548db3ebcc48c19450eed090dfa7e	Study	Open	['*']	['/open']	s3://reminiscent_accurate_46	dg.4DFC/a51af533-581c-4172-85ad-d4ebd1b87e4e	C72.5 : Cranial nerve, NOS	Computed Tomography	automatic	1130	grotesque_hysterical_97	garrulous_gruesome_95	volatile_peaceful_64	troubled_tiresome_22	beautiful_cheerful_73	fluttering_aromatic_40	decisive_makeshift_94	voracious_therapeutic_77	powerful_substantial_70	hallowed_detailed_28	abnormal_adorable_12	gullible_capricious_67	majestic_gullible_44	secretive_addicted_14	colossal_temporary_28	important_discreet_28	thundering_unadvised_25	imported_addicted_18	deafening_ubiquitous_18	psychotic_tasteful_81	victorious_obsolete_1	wasteful_abstracted_71	abrasive_thoughtless_31	habitual_available_23	ludicrous_deafening_71	wandering_panoramic_87	exclusive_lopsided_29	glorious_frightened_12	e8611a22-c7ba-50dd-a85a-84b1d15703c3	0cb9718e-f313-59e4-8be9-3e2737961828
