type	clinical_measure_file_id	file_name	data_category	file_type	file_description	file_size	md5sum	file_mapping_level	file_access	acl	authz	file_url	dcf_indexd_guid	checksum_algorithm	checksum_value	participant_list	crdc_id	id	study.id	participant.id
clinical_measure_file	shivering_tightfisted_57	disgusted_youthful_92	Generic	vcf_index	unequaled_charming_92	964767	777492c3780f65ff88049ab87fb46c35	Sample	Open	['*']	['/open']	s3://omniscient_selective_10	dg.4DFC/d0091f29-dd5a-45f2-8c40-c4c588b03027	tasteful_gorgeous_91	obtainable_sweltering_71	whispering_repulsive_71	relieved_evanescent_52	6095bcb2-e948-5694-98d0-0a7ca5b282e0		45bad7c5-c36f-5e9f-ab64-26c92847ee69
clinical_measure_file	splendid_powerful_58	exuberant_barbarous_56	powerful_romantic_18;Radiology Imaging;Structural Variation	splendid_garrulous_47	parsimonious_devilish_47	758453	e7542ef3541da59cfbb58ecf65d26770	Sample	Open	['*']	['/open']	s3://wide-eyed_powerful_34	dg.4DFC/e85a4159-b2aa-4f50-9d2e-7f2eca85ffb7	peaceful_laughable_66	vengeful_gruesome_61	alcoholic_fluttering_40	unbiased_thoughtful_93	664d124d-3817-569d-85f0-46b29dbf6025		c9c2e12c-f2f5-53ed-a124-17cc78bc82ae
clinical_measure_file	overconfident_noiseless_71	horrible_bewildered_35	Structural Variation	quixotic_innocent_85	hysterical_workable_62	780984	4f50ee3f57a180b7dfea723e1c088143	Participant	Controlled	['childlike_subsequent_2']	['/programs/childlike_subsequent_2']	s3://endurable_obnoxious_52	dg.4DFC/68c541be-5efa-4b5a-9b5c-4a17da2efee2	possessive_astonishing_78	adventurous_nondescript_37	grieving_makeshift_27	embarrassed_gigantic_87	92a67055-d626-5063-bd22-a1c40faa1795		fd9d2a38-45ac-5a37-831c-d038906db7c8
clinical_measure_file	grotesque_dramatic_12	lackadaisical_youthful_56	Gene Expression;Tumor Normal Clinical Report	gvcf	temporary_tasteless_81	734654	9de15b50d5ec014ca846971eccd7d561	Participant	Open	['*']	['/open']	s3://horrible_mindless_63	dg.4DFC/f4e131c3-5247-4264-b182-493e1cd8a0e5	heavenly_hallowed_1	sweltering_efficient_3	vivacious_luxuriant_30	condemned_fabulous_33	88606702-43bc-55bc-999e-262d9e81c6c5		74804170-e4cb-5d46-9d1c-6085b375c9dc
clinical_measure_file	vivacious_adjoining_73	volatile_hospitable_92	Generic;grieving_earsplitting_63;Pathology Imaging	straight_satisfying_67	pointless_exclusive_91	715830	fe650687b61272844e4e0073f11f86c4	Participant	Controlled	['childlike_subsequent_2']	['/programs/childlike_subsequent_2']	s3://scientific_maniacal_54	dg.4DFC/1e59e5ec-fc84-4677-b43f-449063a27c79	acoustic_noiseless_79	breakable_holistic_22	gigantic_therapeutic_34	omniscient_straight_30	891ba39e-7306-5d31-bbda-31095f393a40		74c0138f-80c5-58d6-a4fd-541e1185e1fb
clinical_measure_file	yielding_glamorous_49	childlike_belligerent_8	confused_friendly_12;Gene Fusion Clinical Report	rda	undesirable_handsome_97	411640	36f2fd50d2b761e61d099144ac2627fb	Participant	Controlled	['childlike_subsequent_2']	['/programs/childlike_subsequent_2']	s3://adventurous_aggressive_66	dg.4DFC/8ce9ff05-7f70-454a-b4ec-8516ec655690	thoughtful_breakable_57	charming_luxuriant_97	disagreeable_aberrant_36	incompetent_statuesque_53	41c9dc27-4f33-542a-8d35-0b1ebbf19bc6		4e83b289-dbea-5970-8dde-b2caa5ac3c62
clinical_measure_file	accessible_comfortable_22	venomous_uncovered_8	heartbreaking_capricious_36;Radiology Imaging;Sequencing	vcf	credible_discreet_69	186076	c50b1374e65142e5af79ef9944d56bce	Study	Open	['*']	['/open']	s3://bewildered_watchful_72	dg.4DFC/b96849a6-c166-4088-bbbb-8c9593bae1ec	quarrelsome_coherent_83	slippery_disturbed_45	hysterical_obeisant_93	thundering_sparkling_82	edb3329c-b086-581b-a425-b5b69e7e81d4	8c6f52c9-35b1-5224-844c-970fa62af3f7	
clinical_measure_file	adorable_hilarious_67	annoying_malicious_29	Tumor Normal Clinical Report	rds	astonishing_helpless_64	313868	9c48073fa6f0a42c59b504939a593034	Participant	Controlled	['childlike_subsequent_2']	['/programs/childlike_subsequent_2']	s3://shivering_impartial_83	dg.4DFC/952374c7-5c8a-4cf9-a0d2-8494e21ae15e	dysfunctional_comfortable_77	entertaining_questionable_64	thoughtless_entertaining_54	tangible_volatile_42	8ad9f47b-9284-56b4-bf4f-8d68578cc6a5	8c6f52c9-35b1-5224-844c-970fa62af3f7	
clinical_measure_file	slippery_condemned_79	penitent_vigorous_14	Gene Fusion Clinical Report;ordinary_graceful_85;Radiology Imaging	rdata	panoramic_absorbed_44	473326	dfbfd9494e62e7e56f6ecdefe9e6a071	Study	Controlled	['childlike_subsequent_2']	['/programs/childlike_subsequent_2']	s3://energetic_quizzical_63	dg.4DFC/1ea45dcf-064a-4b40-a3a0-7e7b1ad5b2f0	gruesome_accessible_47	skillful_innocent_45	childlike_victorious_58	plausible_therapeutic_18	b4460a1c-b18b-5486-9174-f153bdb55e1d		9813c034-191d-5951-ac62-501da0d8abec
clinical_measure_file	understood_dazzling_12	tranquil_youthful_22	Pathology Imaging;Simple Nucleotide Variation;spiritual_quickest_32	maf	unbecoming_fascinated_74	850087	f245bb63e05a9815871433a5dae9fff2	Participant	Open	['*']	['/open']	s3://sweltering_statuesque_0	dg.4DFC/bd6c846b-deef-4f09-bef7-b1ced195109b	comfortable_hypnotic_24	enchanting_whimsical_92	painstaking_numberless_64	obtainable_psychedelic_62	92a66add-7f2c-5581-98db-0513db38f3ec	8c6f52c9-35b1-5224-844c-970fa62af3f7	
clinical_measure_file	frightened_cultured_54	charming_obedient_32	Methylation Array	boundless_adhesive_49	inquisitive_childlike_86	702384	c9347dcfa2d03a2a1bd04966f8def652	Study	Open	['*']	['/open']	s3://ambiguous_charming_57	dg.4DFC/ab79181f-5f0c-49ad-8e17-8065d4ed69b3	auspicious_dispensable_94	assorted_adaptable_38	exuberant_beautiful_80	delicious_productive_80	044e7dc8-c720-5efd-8878-30d30eb00fe0	8c6f52c9-35b1-5224-844c-970fa62af3f7	
clinical_measure_file	internal_diligent_5	exclusive_tangible_64	educated_likeable_80;Methylation Array;Pathology Imaging	dysfunctional_flipped-out_7	thoughtful_horrible_75	799227	b0e53537c4d33d38801d50d0661d47ce	Participant	Open	['*']	['/open']	s3://dazzling_distinct_86	dg.4DFC/1266807d-7920-4130-88bd-b96ce4bc61fa	rambunctious_arrogant_73	tasteless_ambiguous_27	nauseating_coherent_56	literate_dangerous_13	5e891e64-09fd-5e53-b3a7-25b713082264		da73be2e-37ac-5145-a3a4-a9056900a947
clinical_measure_file	venomous_therapeutic_87	wasteful_inconclusive_64	Structural Variation	laughable_quixotic_99	guiltless_possessive_60	163828	6912a872606d15771ddd1119b3cd3fec	Study	Controlled	['childlike_subsequent_2']	['/programs/childlike_subsequent_2']	s3://agreeable_squeamish_42	dg.4DFC/c01f0073-6e28-4d79-b081-d888307db919	therapeutic_adhesive_74	aspiring_majestic_88	fallacious_tranquil_32	auspicious_cloistered_52	d350da80-24fc-5e87-a7ff-27accfcbab3c		3afa3d3c-1e92-5f17-a4b9-7faebac10cb3
clinical_measure_file	guiltless_fanatical_16	enthusiastic_boundless_50	fortunate_exuberant_58;IGM Clinical Sequence;Tumor Normal Clinical Report	dicom	peaceful_protective_50	897541	aaab138da37373e7c36e5a46ddd1c618	Sample	Open	['*']	['/open']	s3://glamorous_psychedelic_14	dg.4DFC/bf6583ca-6477-4243-814c-ec6e030c715f	thoughtless_disgusted_89	understood_difficult_44	unbecoming_functional_99	draconian_adaptable_55	b4f7b13e-7cd1-5771-8d90-4fc987fd781b		b251b91a-3ece-5024-a01e-1aa4787d9d0a
clinical_measure_file	possessive_uncovered_87	pleasant_periodic_69	Generic;Sequencing	crai	difficult_dysfunctional_17	205858	c80e8fca4da247f12e81fae9e4255bf3	Participant	Open	['*']	['/open']	s3://sparkling_majestic_32	dg.4DFC/b2d86dcf-bca3-4b21-ad73-4ec76ada8418	enthusiastic_expensive_65	glamorous_whimsical_20	absorbed_miscreant_65	pastoral_peaceful_96	f2f640f0-d755-5cbb-a3d8-3098c0525385	8c6f52c9-35b1-5224-844c-970fa62af3f7	
clinical_measure_file	relieved_decorous_46	uninterested_workable_46	IGM Clinical Sequence;Structural Variation	html	excellent_garrulous_63	930665	b320ee41a158083cfaaa6b2e16ae1b32	Participant	Open	['*']	['/open']	s3://debonair_tiresome_20	dg.4DFC/7b6d681e-7040-4a12-b8c0-e1b722c74036	wrathful_imaginary_11	belligerent_political_25	coherent_depressed_80	tiresome_thoughtless_58	d085a2cb-5b18-5be4-8c41-e312a5a40d59	8c6f52c9-35b1-5224-844c-970fa62af3f7	
clinical_measure_file	outrageous_accessible_5	wretched_judicious_63	Clinical;IGM Clinical Report;spectacular_ubiquitous_30	steadfast_garrulous_43	efficient_fantastic_22	457767	d92dd0b94f2fc9fac70d7328ccf4eade	Participant	Open	['*']	['/open']	s3://tasteful_secretive_61	dg.4DFC/2f34e28c-8343-4c5d-927b-8c4fb1db6889	ceaseless_acceptable_22	colossal_cooperative_72	vigorous_depressed_77	old-fashioned_arrogant_47	22d31d71-23e8-5303-a076-7e6b79762a8f	8c6f52c9-35b1-5224-844c-970fa62af3f7	
clinical_measure_file	agreeable_momentous_4	lopsided_delightful_82	IGM Clinical Sequence;Simple Nucleotide Variation;uttermost_disillusioned_45	toothsome_distinct_20	expensive_understood_85	689529	6f9a17acb0242e8a41731af697c9a109	Participant	Open	['*']	['/open']	s3://unbecoming_juvenile_99	dg.4DFC/7570e78a-bf44-425d-a547-f3de0d5460e0	endurable_historical_58	determined_abstracted_36	tightfisted_hysterical_10	stimulating_maniacal_57	0e8563e9-9ff0-5132-b19d-89bc9b90cbc2	8c6f52c9-35b1-5224-844c-970fa62af3f7	
clinical_measure_file	successful_gruesome_92	homeless_annoying_86	Gene Fusion Clinical Report;gorgeous_numerous_83	overwrought_ceaseless_60	abounding_gigantic_84	124485	bee8fad43351531772b2a3c395034aa6	Sample	Controlled	['childlike_subsequent_2']	['/programs/childlike_subsequent_2']	s3://straight_unbecoming_93	dg.4DFC/7848889a-430a-4294-8015-b2853ee35108	acoustic_sweltering_55	enchanting_cooperative_2	panoramic_determined_54	relieved_quickest_23	533f9cc1-d3ad-5c43-a10b-1a32f93fb812	8c6f52c9-35b1-5224-844c-970fa62af3f7	
clinical_measure_file	tranquil_overwrought_68	tightfisted_teeny-tiny_97	freezing_cowardly_35;Gene Expression	xml	momentous_sweltering_52	213339	6efe451f5cfa27543898cc6974ded920	Sample	Controlled	['childlike_subsequent_2']	['/programs/childlike_subsequent_2']	s3://pastoral_terrible_63	dg.4DFC/676304f5-f2fd-43ae-8adc-3c3d2a586d1c	uninterested_defective_11	grieving_forgetful_79	industrious_likeable_31	agonizing_grandiose_0	4a2e75f1-a25f-5e82-b1b4-9294604e83d1		0cb9718e-f313-59e4-8be9-3e2737961828
