type	pdx_id	model_id	mouse_strain	sample_type_for_implantation	implantation_type	implantation_site	tumor_confirmed_not_to_be_mus_or_ebv_origin	is_tumor_from_untreated_patient	passage_number	passages_tested	validation_technique	id	study.id	sample.id
pdx	obeisant_dangerous_0	wretched_alluring_77	barbarous_motionless_54	devilish_obedient_59	intravenous	belligerent_recondite_71	No	aspiring_dramatic_32	merciful_helpless_68	outstanding_peaceful_24	habitual_quizzical_95	560d50d0-7228-50f3-8e88-e8e1aa016ea8		a5f66eab-e8f1-50ca-854c-7c922b2de33d
pdx	acceptable_breakable_63	annoying_highfalutin_21	lackadaisical_neighborly_60	dispensable_shivering_7	belligerent_stereotyped_33	intraperitoneal cavity	Yes	gleaming_numerous_79	righteous_charming_46	pastoral_cheerful_6	motionless_unaccountable_49	07e1f398-1ca9-5f98-bac5-3ec11d14ee43		7c377d3c-26b2-5b21-85ea-0abc66323687
pdx	important_flawless_81	freezing_apathetic_29	resonant_thankful_82	inquisitive_historical_17	trocar	handsomely_kindhearted_54	Yes	Not Reported	juvenile_abrasive_87	comfortable_adventurous_58	assorted_picayune_11	80bb8ad5-f160-53fb-9274-1c839e31fad1	8c6f52c9-35b1-5224-844c-970fa62af3f7	
pdx	dramatic_nonchalant_39	illustrious_expensive_71	watchful_luxuriant_39	laughable_economic_21	trocar	mammary fat pad	Unknown	squealing_important_1	successful_rambunctious_43	overconfident_unsuitable_25	flipped-out_breakable_71	cb211f06-d27a-5f9b-ba3f-d1d15d79bcb6	8c6f52c9-35b1-5224-844c-970fa62af3f7	
