type	study_personnel_id	personnel_name	personnel_type	email_address	institution	orcid	crdc_id	id	study.id
study_personnel	absorbed_important_20	embarrassed_luxuriant_95	Data Submitter	permissible_graceful_5	unadvised_breakable_20	axiomatic_maddening_64	uninterested_overconfident_48	e7a078d1-4f5c-5f61-a27e-ad34c56505c7	8c6f52c9-35b1-5224-844c-970fa62af3f7
study_personnel	lackadaisical_mindless_15	unbiased_materialistic_16	Data Submitter	nonchalant_outrageous_3	heartbreaking_quixotic_9	obsolete_exuberant_49	encouraging_reminiscent_15	ea37f7ec-7366-5915-a6ec-f455059e5344	8c6f52c9-35b1-5224-844c-970fa62af3f7
study_personnel	unbecoming_redundant_87	abnormal_alluring_70	Data Manager	annoying_spotless_7	abundant_innocent_95	symptomatic_flagrant_13	faithful_industrious_60	a9416de7-d723-5b5d-83f7-eff69cbafc13	8c6f52c9-35b1-5224-844c-970fa62af3f7
study_personnel	volatile_grandiose_82	invincible_voracious_54	PI	imminent_miniature_77	towering_vivacious_26	courageous_ceaseless_19	unsuitable_abandoned_27	d1b9aad7-9bbe-5b10-b76a-ee0563703f3d	8c6f52c9-35b1-5224-844c-970fa62af3f7
study_personnel	pastoral_domineering_42	fanatical_incandescent_23	flipped-out_obeisant_71	victorious_confused_61	diligent_vengeful_48	doubtful_merciful_65	obnoxious_rebellious_45	e5885e76-7d23-567b-b1c6-3baff8c368eb	8c6f52c9-35b1-5224-844c-970fa62af3f7
