type	participant_id	race	sex_at_birth	crdc_id	id	study.id
participant	plausible_efficacious_49	Asian;Hispanic or Latino	Prefer Not to Answer	assorted_grotesque_67	45bad7c5-c36f-5e9f-ab64-26c92847ee69	8c6f52c9-35b1-5224-844c-970fa62af3f7
participant	ossified_quickest_53	White	Prefer Not to Answer	harmonious_glorious_2	c9c2e12c-f2f5-53ed-a124-17cc78bc82ae	8c6f52c9-35b1-5224-844c-970fa62af3f7
participant	lopsided_high-pitched_31	American Indian or Alaska Native;Hispanic or Latino	Decline to answer	nostalgic_expensive_77	fd9d2a38-45ac-5a37-831c-d038906db7c8	8c6f52c9-35b1-5224-844c-970fa62af3f7
participant	addicted_imaginary_17	Asian;Hispanic or Latino	Decline to answer	high-pitched_delightful_77	74804170-e4cb-5d46-9d1c-6085b375c9dc	8c6f52c9-35b1-5224-844c-970fa62af3f7
participant	decorous_hilarious_40	White	Male	resonant_lamentable_78	74c0138f-80c5-58d6-a4fd-541e1185e1fb	8c6f52c9-35b1-5224-844c-970fa62af3f7
participant	heartbreaking_uttermost_95	Hispanic or Latino;Native Hawaiian or other Pacific Islander	Male	habitual_peaceful_90	4e83b289-dbea-5970-8dde-b2caa5ac3c62	8c6f52c9-35b1-5224-844c-970fa62af3f7
participant	luxuriant_obsequious_19	White	Male	aromatic_psychotic_20	9024a9fd-2721-5242-8155-9d8bc7ee302f	8c6f52c9-35b1-5224-844c-970fa62af3f7
participant	talented_courageous_24	Unknown	Male	lamentable_rambunctious_80	343651be-74c3-56c5-bbfd-36525cc30b83	8c6f52c9-35b1-5224-844c-970fa62af3f7
participant	distinct_apathetic_0	American Indian or Alaska Native;Unknown;White	Don't Know	cooperative_agreeable_52	9813c034-191d-5951-ac62-501da0d8abec	8c6f52c9-35b1-5224-844c-970fa62af3f7
participant	teeny-tiny_lackadaisical_86	Asian;Unknown	None of These Describe Me	unaccountable_recondite_25	d74531f1-dbff-5013-8d4e-b77691a15a34	8c6f52c9-35b1-5224-844c-970fa62af3f7
participant	homeless_uninterested_42	Middle Eastern or North African;Not Reported	None of These Describe Me	talented_chivalrous_75	0fecc1a2-2d0d-5c84-b2aa-3091a362f19b	8c6f52c9-35b1-5224-844c-970fa62af3f7
participant	tasteless_grieving_19	White	None of These Describe Me	deranged_rhetorical_19	da73be2e-37ac-5145-a3a4-a9056900a947	8c6f52c9-35b1-5224-844c-970fa62af3f7
participant	psychedelic_handsome_0	White	None of These Describe Me	secretive_rightful_24	3afa3d3c-1e92-5f17-a4b9-7faebac10cb3	8c6f52c9-35b1-5224-844c-970fa62af3f7
participant	nauseating_magnificent_4	Black or African American;Hispanic or Latino	Intersex	aberrant_youthful_23	b251b91a-3ece-5024-a01e-1aa4787d9d0a	8c6f52c9-35b1-5224-844c-970fa62af3f7
participant	whispering_slippery_24	Asian	Female	luxuriant_laughable_71	3e5d4ebe-0775-5a05-b19a-7a2306335dde	8c6f52c9-35b1-5224-844c-970fa62af3f7
participant	nebulous_productive_93	Hispanic or Latino;Not Reported	Female	endurable_comfortable_32	073e8406-fe44-508d-99ac-8d1178215725	8c6f52c9-35b1-5224-844c-970fa62af3f7
participant	rhetorical_abundant_20	American Indian or Alaska Native;Middle Eastern or North African	Don't Know	industrious_ludicrous_19	ed815fdc-e79a-5c04-9923-2e00df423238	8c6f52c9-35b1-5224-844c-970fa62af3f7
participant	homeless_luxuriant_24	Unknown	Female	highfalutin_gigantic_70	ec6efedf-e54e-52d1-bad3-5dabdd35fe06	8c6f52c9-35b1-5224-844c-970fa62af3f7
participant	peaceful_depressed_19	Not Allowed to Collect;Not Reported	Intersex	terrible_aboriginal_1	0c2c6bdc-79cb-5b24-bcbf-6f2dea868e3c	8c6f52c9-35b1-5224-844c-970fa62af3f7
participant	squeamish_workable_15	Asian	Don't Know	friendly_motionless_99	0cb9718e-f313-59e4-8be9-3e2737961828	8c6f52c9-35b1-5224-844c-970fa62af3f7
