participant_id	race	gender	type	study_participant_id	study.phs_accession	ethnicity
CDS1001	Not Allowed to Collect	Female	participant	phs000000_CDS1001	phs000000	Not Hispanic or Latino
CDS1002	American Indian or Alaska Native	Male	participant	phs000000_CDS1002	phs000000	Not Reported
CDS1003	Black or African American	Unspecified	participant	phs000000_CDS1003	phs000000	Not Allowed to Collect
CDS1004	White	Female	participant	phs000000_CDS1004	phs000000	Not Reported
CDS1005	Not Reported	Unspecified	participant	phs000000_CDS1005	phs000000	Not Allowed to Collect
CDS1006	American Indian or Alaska Native	Not Reported	participant	phs000000_CDS1006	phs000000	Not Allowed to Collect
CDS1007	Unknown	Unknown	participant	phs000000_CDS1007	phs000000	Not Hispanic or Latino
CDS1008	Not Allowed to Collect	Not Reported	participant	phs000000_CDS1008	phs000000	Not Hispanic or Latino
CDS1009	White	Unspecified	participant	phs000000_CDS1009	phs000000	Hispanic or Latino
CDS1010	White	Unknown	participant	phs000000_CDS1010	phs000000	Unknown
CDS1011	Native Hawaiian or Other Pacific Islander	Unspecified	participant	phs000000_CDS1011	phs000000	Unknown
CDS1012	White	Not Reported	participant	phs000000_CDS1012	phs000000	Hispanic or Latino
CDS1013	White	Unspecified	participant	phs000000_CDS1013	phs000000	Not Allowed to Collect
CDS1014	White	Not Reported	participant	phs000000_CDS1014	phs000000	Hispanic or Latino
CDS1015	Unknown	Not Reported	participant	phs000000_CDS1015	phs000000	Not Hispanic or Latino
CDS1016	Native Hawaiian or Other Pacific Islander	Female	participant	phs000000_CDS1016	phs000000	Unknown
CDS1017	Asian	Not Reported	participant	phs000000_CDS1017	phs000000	Not Reported
CDS1018	Asian	Unknown	participant	phs000000_CDS1018	phs000000	Hispanic or Latino
CDS1019	Not Reported	Unspecified	participant	phs000000_CDS1019	phs000000	Unknown
CDS1020	Not Reported	Unknown	participant	phs000000_CDS1020	phs000000	Not Allowed to Collect
CDS1021	Native Hawaiian or Other Pacific Islander	Unknown	participant	phs000000_CDS1021	phs000000	Not Hispanic or Latino
CDS1022	Unknown	Unspecified	participant	phs000000_CDS1022	phs000000	Not Hispanic or Latino
CDS1023	White	Unknown	participant	phs000000_CDS1023	phs000000	Not Reported
CDS1024	White	Female	participant	phs000000_CDS1024	phs000000	Unknown
CDS1025	Not Allowed to Collect	Female	participant	phs000000_CDS1025	phs000000	Not Allowed to Collect
CDS1026	Native Hawaiian or Other Pacific Islander	Female	participant	phs000000_CDS1026	phs000000	Hispanic or Latino
CDS1027	Asian	Female	participant	phs000000_CDS1027	phs000000	Not Hispanic or Latino
CDS1028	Native Hawaiian or Other Pacific Islander	Not Reported	participant	phs000000_CDS1028	phs000000	Unknown
CDS1029	Asian	Male	participant	phs000000_CDS1029	phs000000	Hispanic or Latino
CDS1030	Not Allowed to Collect	Female	participant	phs000000_CDS1030	phs000000	Not Reported
CDS1031	Not Allowed to Collect	Not Reported	participant	phs000000_CDS1031	phs000000	Unknown
CDS1032	American Indian or Alaska Native	Unknown	participant	phs000000_CDS1032	phs000000	Unknown
CDS1033	Unknown	Unknown	participant	phs000000_CDS1033	phs000000	Not Allowed to Collect
CDS1034	American Indian or Alaska Native	Not Reported	participant	phs000000_CDS1034	phs000000	Not Reported
CDS1035	White	Not Reported	participant	phs000000_CDS1035	phs000000	Not Reported
CDS1036	Not Reported	Male	participant	phs000000_CDS1036	phs000000	Not Reported
CDS1037	American Indian or Alaska Native	Female	participant	phs000000_CDS1037	phs000000	Not Hispanic or Latino
CDS1038	Asian	Female	participant	phs000000_CDS1038	phs000000	Not Reported
CDS1039	Not Reported	Unspecified	participant	phs000000_CDS1039	phs000000	Not Reported
CDS1040	Black or African American	Male	participant	phs000000_CDS1040	phs000000	Unknown
CDS1041	Not Allowed to Collect	Female	participant	phs000000_CDS1041	phs000000	Not Hispanic or Latino
CDS1042	American Indian or Alaska Native	Male	participant	phs000000_CDS1042	phs000000	Not Reported
CDS1043	Black or African American	Unspecified	participant	phs000000_CDS1043	phs000000	Not Allowed to Collect
CDS1044	White	Female	participant	phs000000_CDS1044	phs000000	Not Reported
CDS1045	Not Reported	Unspecified	participant	phs000000_CDS1045	phs000000	Not Allowed to Collect
CDS1046	American Indian or Alaska Native	Not Reported	participant	phs000000_CDS1046	phs000000	Not Allowed to Collect
CDS1047	Unknown	Unknown	participant	phs000000_CDS1047	phs000000	Not Hispanic or Latino
CDS1048	Not Allowed to Collect	Not Reported	participant	phs000000_CDS1048	phs000000	Not Hispanic or Latino
CDS1049	White	Unspecified	participant	phs000000_CDS1049	phs000000	Hispanic or Latino
CDS1050	White	Unknown	participant	phs000000_CDS1050	phs000000	Unknown
CDS1051	Native Hawaiian or Other Pacific Islander	Unspecified	participant	phs000000_CDS1051	phs000000	Unknown
CDS1052	White	Not Reported	participant	phs000000_CDS1052	phs000000	Hispanic or Latino
CDS1053	White	Unspecified	participant	phs000000_CDS1053	phs000000	Not Allowed to Collect
CDS1054	White	Not Reported	participant	phs000000_CDS1054	phs000000	Hispanic or Latino
CDS1055	Unknown	Not Reported	participant	phs000000_CDS1055	phs000000	Not Hispanic or Latino
CDS1056	Native Hawaiian or Other Pacific Islander	Female	participant	phs000000_CDS1056	phs000000	Unknown
CDS1057	Asian	Not Reported	participant	phs000000_CDS1057	phs000000	Not Reported
CDS1058	Asian	Unknown	participant	phs000000_CDS1058	phs000000	Hispanic or Latino
CDS1059	Not Reported	Unspecified	participant	phs000000_CDS1059	phs000000	Unknown
CDS1060	Not Reported	Unknown	participant	phs000000_CDS1060	phs000000	Not Allowed to Collect
CDS1061	Native Hawaiian or Other Pacific Islander	Unknown	participant	phs000000_CDS1061	phs000000	Not Hispanic or Latino
CDS1062	Unknown	Unspecified	participant	phs000000_CDS1062	phs000000	Not Hispanic or Latino
CDS1063	White	Unknown	participant	phs000000_CDS1063	phs000000	Not Reported
CDS1064	White	Female	participant	phs000000_CDS1064	phs000000	Unknown
CDS1065	Not Allowed to Collect	Female	participant	phs000000_CDS1065	phs000000	Not Allowed to Collect
CDS1066	Native Hawaiian or Other Pacific Islander	Female	participant	phs000000_CDS1066	phs000000	Hispanic or Latino
CDS1067	Asian	Female	participant	phs000000_CDS1067	phs000000	Not Hispanic or Latino
CDS1068	Native Hawaiian or Other Pacific Islander	Not Reported	participant	phs000000_CDS1068	phs000000	Unknown
CDS1069	Asian	Male	participant	phs000000_CDS1069	phs000000	Hispanic or Latino
CDS1070	Not Allowed to Collect	Female	participant	phs000000_CDS1070	phs000000	Not Reported
CDS1071	Not Allowed to Collect	Not Reported	participant	phs000000_CDS1071	phs000000	Unknown
CDS1072	American Indian or Alaska Native	Unknown	participant	phs000000_CDS1072	phs000000	Unknown
CDS1073	Unknown	Unknown	participant	phs000000_CDS1073	phs000000	Not Allowed to Collect
CDS1074	American Indian or Alaska Native	Not Reported	participant	phs000000_CDS1074	phs000000	Not Reported
CDS1075	White	Not Reported	participant	phs000000_CDS1075	phs000000	Not Reported
CDS1076	Not Reported	Male	participant	phs000000_CDS1076	phs000000	Not Reported
CDS1077	American Indian or Alaska Native	Female	participant	phs000000_CDS1077	phs000000	Not Hispanic or Latino
CDS1078	Asian	Female	participant	phs000000_CDS1078	phs000000	Not Reported
CDS1079	Not Reported	Unspecified	participant	phs000000_CDS1079	phs000000	Not Reported
CDS1080	Black or African American	Male	participant	phs000000_CDS1080	phs000000	Unknown
CDS1081	Not Allowed to Collect	Female	participant	phs000000_CDS1081	phs000000	Not Hispanic or Latino
CDS1082	American Indian or Alaska Native	Male	participant	phs000000_CDS1082	phs000000	Not Reported
CDS1083	Black or African American	Unspecified	participant	phs000000_CDS1083	phs000000	Not Allowed to Collect
CDS1084	White	Female	participant	phs000000_CDS1084	phs000000	Not Reported
CDS1085	Not Reported	Unspecified	participant	phs000000_CDS1085	phs000000	Not Allowed to Collect
CDS1086	American Indian or Alaska Native	Not Reported	participant	phs000000_CDS1086	phs000000	Not Allowed to Collect
CDS1087	Unknown	Unknown	participant	phs000000_CDS1087	phs000000	Not Hispanic or Latino
CDS1088	Not Allowed to Collect	Not Reported	participant	phs000000_CDS1088	phs000000	Not Hispanic or Latino
CDS1089	White	Unspecified	participant	phs000000_CDS1089	phs000000	Hispanic or Latino
CDS1090	White	Unknown	participant	phs000000_CDS1090	phs000000	Unknown
CDS1091	Native Hawaiian or Other Pacific Islander	Unspecified	participant	phs000000_CDS1091	phs000000	Unknown
CDS1092	White	Not Reported	participant	phs000000_CDS1092	phs000000	Hispanic or Latino
CDS1093	White	Unspecified	participant	phs000000_CDS1093	phs000000	Not Allowed to Collect
CDS1094	White	Not Reported	participant	phs000000_CDS1094	phs000000	Hispanic or Latino
CDS1095	Unknown	Not Reported	participant	phs000000_CDS1095	phs000000	Not Hispanic or Latino
CDS1096	Native Hawaiian or Other Pacific Islander	Female	participant	phs000000_CDS1096	phs000000	Unknown
CDS1097	Asian	Not Reported	participant	phs000000_CDS1097	phs000000	Not Reported
CDS1098	Asian	Unknown	participant	phs000000_CDS1098	phs000000	Hispanic or Latino
CDS1099	Not Reported	Unspecified	participant	phs000000_CDS1099	phs000000	Unknown
CDS1100	Not Reported	Unknown	participant	phs000000_CDS1100	phs000000	Not Allowed to Collect
CDS1101	Native Hawaiian or Other Pacific Islander	Unknown	participant	phs000000_CDS1101	phs000000	Not Hispanic or Latino
CDS1102	Unknown	Unspecified	participant	phs000000_CDS1102	phs000000	Not Hispanic or Latino
CDS1103	White	Unknown	participant	phs000000_CDS1103	phs000000	Not Reported
CDS1104	White	Female	participant	phs000000_CDS1104	phs000000	Unknown
CDS1105	Not Allowed to Collect	Female	participant	phs000000_CDS1105	phs000000	Not Allowed to Collect
CDS1106	Native Hawaiian or Other Pacific Islander	Female	participant	phs000000_CDS1106	phs000000	Hispanic or Latino
CDS1107	Asian	Female	participant	phs000000_CDS1107	phs000000	Not Hispanic or Latino
CDS1108	Native Hawaiian or Other Pacific Islander	Not Reported	participant	phs000000_CDS1108	phs000000	Unknown
CDS1109	Asian	Male	participant	phs000000_CDS1109	phs000000	Hispanic or Latino
CDS1110	Not Allowed to Collect	Female	participant	phs000000_CDS1110	phs000000	Not Reported
CDS1111	Not Allowed to Collect	Not Reported	participant	phs000000_CDS1111	phs000000	Unknown
CDS1112	American Indian or Alaska Native	Unknown	participant	phs000000_CDS1112	phs000000	Unknown
CDS1113	Unknown	Unknown	participant	phs000000_CDS1113	phs000000	Not Allowed to Collect
CDS1114	American Indian or Alaska Native	Not Reported	participant	phs000000_CDS1114	phs000000	Not Reported
CDS1115	White	Not Reported	participant	phs000000_CDS1115	phs000000	Not Reported
CDS1116	Not Reported	Male	participant	phs000000_CDS1116	phs000000	Not Reported
CDS1117	American Indian or Alaska Native	Female	participant	phs000000_CDS1117	phs000000	Not Hispanic or Latino
CDS1118	Asian	Female	participant	phs000000_CDS1118	phs000000	Not Reported
CDS1119	Not Reported	Unspecified	participant	phs000000_CDS1119	phs000000	Not Reported
CDS1120	Black or African American	Male	participant	phs000000_CDS1120	phs000000	Unknown
CDS1121	Not Allowed to Collect	Female	participant	phs000000_CDS1121	phs000000	Not Hispanic or Latino
CDS1122	American Indian or Alaska Native	Male	participant	phs000000_CDS1122	phs000000	Not Reported
CDS1123	Black or African American	Unspecified	participant	phs000000_CDS1123	phs000000	Not Allowed to Collect
CDS1124	White	Female	participant	phs000000_CDS1124	phs000000	Not Reported
CDS1125	Not Reported	Unspecified	participant	phs000000_CDS1125	phs000000	Not Allowed to Collect
CDS1126	American Indian or Alaska Native	Not Reported	participant	phs000000_CDS1126	phs000000	Not Allowed to Collect
CDS1127	Unknown	Unknown	participant	phs000000_CDS1127	phs000000	Not Hispanic or Latino
CDS1128	Not Allowed to Collect	Not Reported	participant	phs000000_CDS1128	phs000000	Not Hispanic or Latino
CDS1129	White	Unspecified	participant	phs000000_CDS1129	phs000000	Hispanic or Latino
CDS1130	White	Unknown	participant	phs000000_CDS1130	phs000000	Unknown
CDS1131	Native Hawaiian or Other Pacific Islander	Unspecified	participant	phs000000_CDS1131	phs000000	Unknown
CDS1132	White	Not Reported	participant	phs000000_CDS1132	phs000000	Hispanic or Latino
CDS1133	White	Unspecified	participant	phs000000_CDS1133	phs000000	Not Allowed to Collect
CDS1134	White	Not Reported	participant	phs000000_CDS1134	phs000000	Hispanic or Latino
CDS1135	Unknown	Not Reported	participant	phs000000_CDS1135	phs000000	Not Hispanic or Latino
CDS1136	Native Hawaiian or Other Pacific Islander	Female	participant	phs000000_CDS1136	phs000000	Unknown
CDS1137	Asian	Not Reported	participant	phs000000_CDS1137	phs000000	Not Reported
CDS1138	Asian	Unknown	participant	phs000000_CDS1138	phs000000	Hispanic or Latino
CDS1139	Not Reported	Unspecified	participant	phs000000_CDS1139	phs000000	Unknown
CDS1140	Not Reported	Unknown	participant	phs000000_CDS1140	phs000000	Not Allowed to Collect
CDS1141	Native Hawaiian or Other Pacific Islander	Unknown	participant	phs000000_CDS1141	phs000000	Not Hispanic or Latino
CDS1142	Unknown	Unspecified	participant	phs000000_CDS1142	phs000000	Not Hispanic or Latino
CDS1143	White	Unknown	participant	phs000000_CDS1143	phs000000	Not Reported
CDS1144	White	Female	participant	phs000000_CDS1144	phs000000	Unknown
CDS1145	Not Allowed to Collect	Female	participant	phs000000_CDS1145	phs000000	Not Allowed to Collect
CDS1146	Native Hawaiian or Other Pacific Islander	Female	participant	phs000000_CDS1146	phs000000	Hispanic or Latino
CDS1147	Asian	Female	participant	phs000000_CDS1147	phs000000	Not Hispanic or Latino
CDS1148	Native Hawaiian or Other Pacific Islander	Not Reported	participant	phs000000_CDS1148	phs000000	Unknown
CDS1149	Asian	Male	participant	phs000000_CDS1149	phs000000	Hispanic or Latino
CDS1150	Not Allowed to Collect	Female	participant	phs000000_CDS1150	phs000000	Not Reported
CDS1151	Not Allowed to Collect	Not Reported	participant	phs000000_CDS1151	phs000000	Unknown
CDS1152	American Indian or Alaska Native	Unknown	participant	phs000000_CDS1152	phs000000	Unknown
CDS1153	Unknown	Unknown	participant	phs000000_CDS1153	phs000000	Not Allowed to Collect
CDS1154	American Indian or Alaska Native	Not Reported	participant	phs000000_CDS1154	phs000000	Not Reported
CDS1155	White	Not Reported	participant	phs000000_CDS1155	phs000000	Not Reported
CDS1156	Not Reported	Male	participant	phs000000_CDS1156	phs000000	Not Reported
CDS1157	American Indian or Alaska Native	Female	participant	phs000000_CDS1157	phs000000	Not Hispanic or Latino
CDS1158	Asian	Female	participant	phs000000_CDS1158	phs000000	Not Reported
CDS1159	Not Reported	Unspecified	participant	phs000000_CDS1159	phs000000	Not Reported
CDS1160	Black or African American	Male	participant	phs000000_CDS1160	phs000000	Unknown
CDS1161	Not Allowed to Collect	Female	participant	phs000000_CDS1161	phs000000	Not Hispanic or Latino
CDS1162	American Indian or Alaska Native	Male	participant	phs000000_CDS1162	phs000000	Not Reported
CDS1163	Black or African American	Unspecified	participant	phs000000_CDS1163	phs000000	Not Allowed to Collect
CDS1164	White	Female	participant	phs000000_CDS1164	phs000000	Not Reported
CDS1165	Not Reported	Unspecified	participant	phs000000_CDS1165	phs000000	Not Allowed to Collect
CDS1166	American Indian or Alaska Native	Not Reported	participant	phs000000_CDS1166	phs000000	Not Allowed to Collect
CDS1167	Unknown	Unknown	participant	phs000000_CDS1167	phs000000	Not Hispanic or Latino
CDS1168	Not Allowed to Collect	Not Reported	participant	phs000000_CDS1168	phs000000	Not Hispanic or Latino
CDS1169	White	Unspecified	participant	phs000000_CDS1169	phs000000	Hispanic or Latino
CDS1170	White	Unknown	participant	phs000000_CDS1170	phs000000	Unknown
CDS1171	Native Hawaiian or Other Pacific Islander	Unspecified	participant	phs000000_CDS1171	phs000000	Unknown
CDS1172	White	Not Reported	participant	phs000000_CDS1172	phs000000	Hispanic or Latino
CDS1173	White	Unspecified	participant	phs000000_CDS1173	phs000000	Not Allowed to Collect
CDS1174	White	Not Reported	participant	phs000000_CDS1174	phs000000	Hispanic or Latino
CDS1175	Unknown	Not Reported	participant	phs000000_CDS1175	phs000000	Not Hispanic or Latino
CDS1176	Native Hawaiian or Other Pacific Islander	Female	participant	phs000000_CDS1176	phs000000	Unknown
CDS1177	Asian	Not Reported	participant	phs000000_CDS1177	phs000000	Not Reported
CDS1178	Asian	Unknown	participant	phs000000_CDS1178	phs000000	Hispanic or Latino
CDS1179	Not Reported	Unspecified	participant	phs000000_CDS1179	phs000000	Unknown
CDS1180	Not Reported	Unknown	participant	phs000000_CDS1180	phs000000	Not Allowed to Collect
CDS1181	Native Hawaiian or Other Pacific Islander	Unknown	participant	phs000000_CDS1181	phs000000	Not Hispanic or Latino
CDS1182	Unknown	Unspecified	participant	phs000000_CDS1182	phs000000	Not Hispanic or Latino
CDS1183	White	Unknown	participant	phs000000_CDS1183	phs000000	Not Reported
CDS1184	White	Female	participant	phs000000_CDS1184	phs000000	Unknown
CDS1185	Not Allowed to Collect	Female	participant	phs000000_CDS1185	phs000000	Not Allowed to Collect
CDS1186	Native Hawaiian or Other Pacific Islander	Female	participant	phs000000_CDS1186	phs000000	Hispanic or Latino
CDS1187	Asian	Female	participant	phs000000_CDS1187	phs000000	Not Hispanic or Latino
CDS1188	Native Hawaiian or Other Pacific Islander	Not Reported	participant	phs000000_CDS1188	phs000000	Unknown
CDS1189	Asian	Male	participant	phs000000_CDS1189	phs000000	Hispanic or Latino
CDS1190	Not Allowed to Collect	Female	participant	phs000000_CDS1190	phs000000	Not Reported
CDS1191	Not Allowed to Collect	Not Reported	participant	phs000000_CDS1191	phs000000	Unknown
CDS1192	American Indian or Alaska Native	Unknown	participant	phs000000_CDS1192	phs000000	Unknown
CDS1193	Unknown	Unknown	participant	phs000000_CDS1193	phs000000	Not Allowed to Collect
CDS1194	American Indian or Alaska Native	Not Reported	participant	phs000000_CDS1194	phs000000	Not Reported
CDS1195	White	Not Reported	participant	phs000000_CDS1195	phs000000	Not Reported
CDS1196	Not Reported	Male	participant	phs000000_CDS1196	phs000000	Not Reported
CDS1197	American Indian or Alaska Native	Female	participant	phs000000_CDS1197	phs000000	Not Hispanic or Latino
CDS1198	Asian	Female	participant	phs000000_CDS1198	phs000000	Not Reported
CDS1199	Not Reported	Unspecified	participant	phs000000_CDS1199	phs000000	Not Reported
CDS1200	Black or African American	Male	participant	phs000000_CDS1200	phs000000	Unknown