reference_genome_assembly	design_description	library_strategy	library_source	library_selection	platform	instrument_model	type	genomic_info_id	file.file_id	bases	number_of_reads	avg_read_length	coverage	library_layout
GRCh38	WXS Hybrid Selection paired-end	RAD-Seq	Genomic	Hybrid Selection	ILLUMINA	Illumina NovaSeq 6000	genomic_info	dg.4DFC/840c7e9c-8900-4d1d-96667ce99c1e_1	dg.4DFC/840c7e9c-8900-4d1d-96667ce99c1e_1	648	116	65.22	994.17	Single-end
GRCh37	"Anchored Multiplex PCR (AMP(TM)) chemistry is purpose-built to accurately identify both simple and complex genetic mutations by leveraging the power of bidirectional primers and molecular barcodes, or MBCs, from low nucleic acid input in tissue or blood. AMP chemistry is also flexible, so it can be used for applications in DNA, RNA, and ctDNA sequencing across most tumor type."	Hi-C	Transcriptomic	other	ILLUMINA	Illumina MiSeq	genomic_info	dg.4DFC/840c7e9c-8900-4d1d-96667ce99c1e_2	dg.4DFC/840c7e9c-8900-4d1d-96667ce99c1e_2	879	530	41.91	785.44	Single-indexed
GRCh38	WXS Hybrid Selection paired-end	WXS	Genomic	Hybrid Selection	ILLUMINA	Illumina NovaSeq 6000	genomic_info	dg.4DFC/840c7e9c-8900-4d1d-96667ce99c1e_3	dg.4DFC/840c7e9c-8900-4d1d-96667ce99c1e_3	127	527	151.42	168.87	Single-end
GRCh37	"Anchored Multiplex PCR (AMP(TM)) chemistry is purpose-built to accurately identify both simple and complex genetic mutations by leveraging the power of bidirectional primers and molecular barcodes, or MBCs, from low nucleic acid input in tissue or blood. AMP chemistry is also flexible, so it can be used for applications in DNA, RNA, and ctDNA sequencing across most tumor type."	FINISHING	Transcriptomic	other	ILLUMINA	Illumina MiSeq	genomic_info	dg.4DFC/840c7e9c-8900-4d1d-96667ce99c1e_4	dg.4DFC/840c7e9c-8900-4d1d-96667ce99c1e_4	762	943	148.27	335.57	Single-end
GRCh37	"Anchored Multiplex PCR (AMP(TM)) chemistry is purpose-built to accurately identify both simple and complex genetic mutations by leveraging the power of bidirectional primers and molecular barcodes, or MBCs, from low nucleic acid input in tissue or blood. AMP chemistry is also flexible, so it can be used for applications in DNA, RNA, and ctDNA sequencing across most tumor type."	WGA	Transcriptomic	other	ILLUMINA	Illumina MiSeq	genomic_info	dg.4DFC/840c7e9c-8900-4d1d-96667ce99c1e_5	dg.4DFC/840c7e9c-8900-4d1d-96667ce99c1e_5	668	843	403.05	587.47	Single-indexed
GRCh38	WXS Hybrid Selection paired-end	ChIA-PET	Genomic	Hybrid Selection	ILLUMINA	Illumina NovaSeq 6000	genomic_info	dg.4DFC/840c7e9c-8900-4d1d-96667ce99c1e_6	dg.4DFC/840c7e9c-8900-4d1d-96667ce99c1e_6	78	954	816.23	692.53	Paired-end
GRCh37	"Anchored Multiplex PCR (AMP(TM)) chemistry is purpose-built to accurately identify both simple and complex genetic mutations by leveraging the power of bidirectional primers and molecular barcodes, or MBCs, from low nucleic acid input in tissue or blood. AMP chemistry is also flexible, so it can be used for applications in DNA, RNA, and ctDNA sequencing across most tumor type."	Synthetic-Long-Read	Transcriptomic	other	ILLUMINA	Illumina MiSeq	genomic_info	dg.4DFC/840c7e9c-8900-4d1d-96667ce99c1e_7	dg.4DFC/840c7e9c-8900-4d1d-96667ce99c1e_7	309	531	803.5	911.18	Single-end
GRCh38	WXS Hybrid Selection paired-end	MBD-Seq	Genomic	Hybrid Selection	ILLUMINA	Illumina NovaSeq 6000	genomic_info	dg.4DFC/840c7e9c-8900-4d1d-96667ce99c1e_8	dg.4DFC/840c7e9c-8900-4d1d-96667ce99c1e_8	265	696	783.43	258.69	Single-indexed
GRCh38	WXS Hybrid Selection paired-end	WXS	Genomic	Hybrid Selection	ILLUMINA	Illumina NovaSeq 6000	genomic_info	dg.4DFC/840c7e9c-8900-4d1d-96667ce99c1e_9	dg.4DFC/840c7e9c-8900-4d1d-96667ce99c1e_9	898	310	271.22	815.49	Paired-end
GRCh38	WXS Hybrid Selection paired-end	Hi-C	Genomic	Hybrid Selection	ILLUMINA	Illumina NovaSeq 6000	genomic_info	dg.4DFC/840c7e9c-8900-4d1d-96667ce99c1e_10	dg.4DFC/840c7e9c-8900-4d1d-96667ce99c1e_10	541	547	89.15	452.68	Single-end
GRCh37	"Anchored Multiplex PCR (AMP(TM)) chemistry is purpose-built to accurately identify both simple and complex genetic mutations by leveraging the power of bidirectional primers and molecular barcodes, or MBCs, from low nucleic acid input in tissue or blood. AMP chemistry is also flexible, so it can be used for applications in DNA, RNA, and ctDNA sequencing across most tumor type."	Tethered Chromatin Conformation Capture	Transcriptomic	other	ILLUMINA	Illumina MiSeq	genomic_info	dg.4DFC/840c7e9c-8900-4d1d-96667ce99c1e_11	dg.4DFC/840c7e9c-8900-4d1d-96667ce99c1e_11	302	294	477	479.77	Single-indexed
GRCh38	WXS Hybrid Selection paired-end	CTS	Genomic	Hybrid Selection	ILLUMINA	Illumina NovaSeq 6000	genomic_info	dg.4DFC/840c7e9c-8900-4d1d-96667ce99c1e_12	dg.4DFC/840c7e9c-8900-4d1d-96667ce99c1e_12	623	441	627.61	284.23	Single-indexed
GRCh38	WXS Hybrid Selection paired-end	OTHER	Genomic	Hybrid Selection	ILLUMINA	Illumina NovaSeq 6000	genomic_info	dg.4DFC/840c7e9c-8900-4d1d-96667ce99c1e_13	dg.4DFC/840c7e9c-8900-4d1d-96667ce99c1e_13	895	892	504.1	290.83	Paired-end
GRCh38	WXS Hybrid Selection paired-end	miRNA-Seq	Genomic	Hybrid Selection	ILLUMINA	Illumina NovaSeq 6000	genomic_info	dg.4DFC/840c7e9c-8900-4d1d-96667ce99c1e_14	dg.4DFC/840c7e9c-8900-4d1d-96667ce99c1e_14	49	417	401.94	525.07	Paired-end
GRCh37	"Anchored Multiplex PCR (AMP(TM)) chemistry is purpose-built to accurately identify both simple and complex genetic mutations by leveraging the power of bidirectional primers and molecular barcodes, or MBCs, from low nucleic acid input in tissue or blood. AMP chemistry is also flexible, so it can be used for applications in DNA, RNA, and ctDNA sequencing across most tumor type."	Synthetic-Long-Read	Transcriptomic	other	ILLUMINA	Illumina MiSeq	genomic_info	dg.4DFC/840c7e9c-8900-4d1d-96667ce99c1e_15	dg.4DFC/840c7e9c-8900-4d1d-96667ce99c1e_15	703	874	832.88	796.92	Single-end
GRCh37	"Anchored Multiplex PCR (AMP(TM)) chemistry is purpose-built to accurately identify both simple and complex genetic mutations by leveraging the power of bidirectional primers and molecular barcodes, or MBCs, from low nucleic acid input in tissue or blood. AMP chemistry is also flexible, so it can be used for applications in DNA, RNA, and ctDNA sequencing across most tumor type."	FAIRE-seq	Transcriptomic	other	ILLUMINA	Illumina MiSeq	genomic_info	dg.4DFC/840c7e9c-8900-4d1d-96667ce99c1e_16	dg.4DFC/840c7e9c-8900-4d1d-96667ce99c1e_16	92	709	339.8	95.15	Single-indexed
GRCh37	"Anchored Multiplex PCR (AMP(TM)) chemistry is purpose-built to accurately identify both simple and complex genetic mutations by leveraging the power of bidirectional primers and molecular barcodes, or MBCs, from low nucleic acid input in tissue or blood. AMP chemistry is also flexible, so it can be used for applications in DNA, RNA, and ctDNA sequencing across most tumor type."	FL-cDNA	Transcriptomic	other	ILLUMINA	Illumina MiSeq	genomic_info	dg.4DFC/840c7e9c-8900-4d1d-96667ce99c1e_17	dg.4DFC/840c7e9c-8900-4d1d-96667ce99c1e_17	392	909	252.84	136.8	Paired-end
GRCh37	"Anchored Multiplex PCR (AMP(TM)) chemistry is purpose-built to accurately identify both simple and complex genetic mutations by leveraging the power of bidirectional primers and molecular barcodes, or MBCs, from low nucleic acid input in tissue or blood. AMP chemistry is also flexible, so it can be used for applications in DNA, RNA, and ctDNA sequencing across most tumor type."	Tethered Chromatin Conformation Capture	Transcriptomic	other	ILLUMINA	Illumina MiSeq	genomic_info	dg.4DFC/840c7e9c-8900-4d1d-96667ce99c1e_18	dg.4DFC/840c7e9c-8900-4d1d-96667ce99c1e_18	376	383	457.12	687.54	Single-indexed
GRCh37	"Anchored Multiplex PCR (AMP(TM)) chemistry is purpose-built to accurately identify both simple and complex genetic mutations by leveraging the power of bidirectional primers and molecular barcodes, or MBCs, from low nucleic acid input in tissue or blood. AMP chemistry is also flexible, so it can be used for applications in DNA, RNA, and ctDNA sequencing across most tumor type."	RNA-Seq	Transcriptomic	other	ILLUMINA	Illumina MiSeq	genomic_info	dg.4DFC/840c7e9c-8900-4d1d-96667ce99c1e_19	dg.4DFC/840c7e9c-8900-4d1d-96667ce99c1e_19	748	244	802.92	694.87	Single-end
GRCh37	"Anchored Multiplex PCR (AMP(TM)) chemistry is purpose-built to accurately identify both simple and complex genetic mutations by leveraging the power of bidirectional primers and molecular barcodes, or MBCs, from low nucleic acid input in tissue or blood. AMP chemistry is also flexible, so it can be used for applications in DNA, RNA, and ctDNA sequencing across most tumor type."	ncRNA-Seq	Transcriptomic	other	ILLUMINA	Illumina MiSeq	genomic_info	dg.4DFC/840c7e9c-8900-4d1d-96667ce99c1e_20	dg.4DFC/840c7e9c-8900-4d1d-96667ce99c1e_20	606	931	877.95	459.99	Single-indexed
GRCh37	"Anchored Multiplex PCR (AMP(TM)) chemistry is purpose-built to accurately identify both simple and complex genetic mutations by leveraging the power of bidirectional primers and molecular barcodes, or MBCs, from low nucleic acid input in tissue or blood. AMP chemistry is also flexible, so it can be used for applications in DNA, RNA, and ctDNA sequencing across most tumor type."	RIP-Seq	Transcriptomic	other	ILLUMINA	Illumina MiSeq	genomic_info	dg.4DFC/840c7e9c-8900-4d1d-96667ce99c1e_21	dg.4DFC/840c7e9c-8900-4d1d-96667ce99c1e_21	442	705	735.24	962.98	Paired-end
GRCh37	"Anchored Multiplex PCR (AMP(TM)) chemistry is purpose-built to accurately identify both simple and complex genetic mutations by leveraging the power of bidirectional primers and molecular barcodes, or MBCs, from low nucleic acid input in tissue or blood. AMP chemistry is also flexible, so it can be used for applications in DNA, RNA, and ctDNA sequencing across most tumor type."	WCS	Transcriptomic	other	ILLUMINA	Illumina MiSeq	genomic_info	dg.4DFC/840c7e9c-8900-4d1d-96667ce99c1e_22	dg.4DFC/840c7e9c-8900-4d1d-96667ce99c1e_22	780	502	521.85	964.13	Single-end
GRCh37	"Anchored Multiplex PCR (AMP(TM)) chemistry is purpose-built to accurately identify both simple and complex genetic mutations by leveraging the power of bidirectional primers and molecular barcodes, or MBCs, from low nucleic acid input in tissue or blood. AMP chemistry is also flexible, so it can be used for applications in DNA, RNA, and ctDNA sequencing across most tumor type."	FINISHING	Transcriptomic	other	ILLUMINA	Illumina MiSeq	genomic_info	dg.4DFC/840c7e9c-8900-4d1d-96667ce99c1e_23	dg.4DFC/840c7e9c-8900-4d1d-96667ce99c1e_23	361	313	26.17	243.34	Paired-end
GRCh38	WXS Hybrid Selection paired-end	MBD-Seq	Genomic	Hybrid Selection	ILLUMINA	Illumina NovaSeq 6000	genomic_info	dg.4DFC/840c7e9c-8900-4d1d-96667ce99c1e_24	dg.4DFC/840c7e9c-8900-4d1d-96667ce99c1e_24	871	772	994.03	348.89	Paired-end
GRCh37	"Anchored Multiplex PCR (AMP(TM)) chemistry is purpose-built to accurately identify both simple and complex genetic mutations by leveraging the power of bidirectional primers and molecular barcodes, or MBCs, from low nucleic acid input in tissue or blood. AMP chemistry is also flexible, so it can be used for applications in DNA, RNA, and ctDNA sequencing across most tumor type."	RNA-Seq	Transcriptomic	other	ILLUMINA	Illumina MiSeq	genomic_info	dg.4DFC/840c7e9c-8900-4d1d-96667ce99c1e_25	dg.4DFC/840c7e9c-8900-4d1d-96667ce99c1e_25	485	289	416.46	113.59	Single-indexed
GRCh38	WXS Hybrid Selection paired-end	FINISHING	Genomic	Hybrid Selection	ILLUMINA	Illumina NovaSeq 6000	genomic_info	dg.4DFC/840c7e9c-8900-4d1d-96667ce99c1e_26	dg.4DFC/840c7e9c-8900-4d1d-96667ce99c1e_26	149	259	594.16	349.59	Single-end
GRCh38	WXS Hybrid Selection paired-end	FAIRE-seq	Genomic	Hybrid Selection	ILLUMINA	Illumina NovaSeq 6000	genomic_info	dg.4DFC/840c7e9c-8900-4d1d-96667ce99c1e_27	dg.4DFC/840c7e9c-8900-4d1d-96667ce99c1e_27	715	825	278.28	369.71	Paired-end
GRCh37	"Anchored Multiplex PCR (AMP(TM)) chemistry is purpose-built to accurately identify both simple and complex genetic mutations by leveraging the power of bidirectional primers and molecular barcodes, or MBCs, from low nucleic acid input in tissue or blood. AMP chemistry is also flexible, so it can be used for applications in DNA, RNA, and ctDNA sequencing across most tumor type."	SELEX	Transcriptomic	other	ILLUMINA	Illumina MiSeq	genomic_info	dg.4DFC/840c7e9c-8900-4d1d-96667ce99c1e_28	dg.4DFC/840c7e9c-8900-4d1d-96667ce99c1e_28	502	171	102.57	877.46	Single-indexed
GRCh37	"Anchored Multiplex PCR (AMP(TM)) chemistry is purpose-built to accurately identify both simple and complex genetic mutations by leveraging the power of bidirectional primers and molecular barcodes, or MBCs, from low nucleic acid input in tissue or blood. AMP chemistry is also flexible, so it can be used for applications in DNA, RNA, and ctDNA sequencing across most tumor type."	MNase-Seq	Transcriptomic	other	ILLUMINA	Illumina MiSeq	genomic_info	dg.4DFC/840c7e9c-8900-4d1d-96667ce99c1e_29	dg.4DFC/840c7e9c-8900-4d1d-96667ce99c1e_29	862	713	349.66	783.43	Single-end
GRCh38	WXS Hybrid Selection paired-end	CTS	Genomic	Hybrid Selection	ILLUMINA	Illumina NovaSeq 6000	genomic_info	dg.4DFC/840c7e9c-8900-4d1d-96667ce99c1e_30	dg.4DFC/840c7e9c-8900-4d1d-96667ce99c1e_30	32	428	982.51	344.33	Single-indexed
GRCh37	"Anchored Multiplex PCR (AMP(TM)) chemistry is purpose-built to accurately identify both simple and complex genetic mutations by leveraging the power of bidirectional primers and molecular barcodes, or MBCs, from low nucleic acid input in tissue or blood. AMP chemistry is also flexible, so it can be used for applications in DNA, RNA, and ctDNA sequencing across most tumor type."	RNA-Seq	Transcriptomic	other	ILLUMINA	Illumina MiSeq	genomic_info	dg.4DFC/840c7e9c-8900-4d1d-96667ce99c1e_31	dg.4DFC/840c7e9c-8900-4d1d-96667ce99c1e_31	851	908	469.47	578.22	Single-end
GRCh38	WXS Hybrid Selection paired-end	FL-cDNA	Genomic	Hybrid Selection	ILLUMINA	Illumina NovaSeq 6000	genomic_info	dg.4DFC/840c7e9c-8900-4d1d-96667ce99c1e_32	dg.4DFC/840c7e9c-8900-4d1d-96667ce99c1e_32	364	33	765.15	666.45	Single-end
GRCh38	WXS Hybrid Selection paired-end	ChIA-PET	Genomic	Hybrid Selection	ILLUMINA	Illumina NovaSeq 6000	genomic_info	dg.4DFC/840c7e9c-8900-4d1d-96667ce99c1e_33	dg.4DFC/840c7e9c-8900-4d1d-96667ce99c1e_33	433	305	569.92	815.19	Paired-end
GRCh37	"Anchored Multiplex PCR (AMP(TM)) chemistry is purpose-built to accurately identify both simple and complex genetic mutations by leveraging the power of bidirectional primers and molecular barcodes, or MBCs, from low nucleic acid input in tissue or blood. AMP chemistry is also flexible, so it can be used for applications in DNA, RNA, and ctDNA sequencing across most tumor type."	Synthetic-Long-Read	Transcriptomic	other	ILLUMINA	Illumina MiSeq	genomic_info	dg.4DFC/840c7e9c-8900-4d1d-96667ce99c1e_34	dg.4DFC/840c7e9c-8900-4d1d-96667ce99c1e_34	360	660	578.66	953.02	Paired-end
GRCh37	"Anchored Multiplex PCR (AMP(TM)) chemistry is purpose-built to accurately identify both simple and complex genetic mutations by leveraging the power of bidirectional primers and molecular barcodes, or MBCs, from low nucleic acid input in tissue or blood. AMP chemistry is also flexible, so it can be used for applications in DNA, RNA, and ctDNA sequencing across most tumor type."	WCS	Transcriptomic	other	ILLUMINA	Illumina MiSeq	genomic_info	dg.4DFC/840c7e9c-8900-4d1d-96667ce99c1e_35	dg.4DFC/840c7e9c-8900-4d1d-96667ce99c1e_35	721	283	399.38	866.49	Paired-end
GRCh37	"Anchored Multiplex PCR (AMP(TM)) chemistry is purpose-built to accurately identify both simple and complex genetic mutations by leveraging the power of bidirectional primers and molecular barcodes, or MBCs, from low nucleic acid input in tissue or blood. AMP chemistry is also flexible, so it can be used for applications in DNA, RNA, and ctDNA sequencing across most tumor type."	FAIRE-seq	Transcriptomic	other	ILLUMINA	Illumina MiSeq	genomic_info	dg.4DFC/840c7e9c-8900-4d1d-96667ce99c1e_36	dg.4DFC/840c7e9c-8900-4d1d-96667ce99c1e_36	257	394	127.62	188.02	Single-indexed
GRCh38	WXS Hybrid Selection paired-end	ncRNA-Seq	Genomic	Hybrid Selection	ILLUMINA	Illumina NovaSeq 6000	genomic_info	dg.4DFC/840c7e9c-8900-4d1d-96667ce99c1e_37	dg.4DFC/840c7e9c-8900-4d1d-96667ce99c1e_37	453	458	40.03	556.74	Single-end
GRCh37	"Anchored Multiplex PCR (AMP(TM)) chemistry is purpose-built to accurately identify both simple and complex genetic mutations by leveraging the power of bidirectional primers and molecular barcodes, or MBCs, from low nucleic acid input in tissue or blood. AMP chemistry is also flexible, so it can be used for applications in DNA, RNA, and ctDNA sequencing across most tumor type."	FL-cDNA	Transcriptomic	other	ILLUMINA	Illumina MiSeq	genomic_info	dg.4DFC/840c7e9c-8900-4d1d-96667ce99c1e_38	dg.4DFC/840c7e9c-8900-4d1d-96667ce99c1e_38	697	719	974.1	357.39	Single-indexed
GRCh38	WXS Hybrid Selection paired-end	DNase-Hypersensitivity	Genomic	Hybrid Selection	ILLUMINA	Illumina NovaSeq 6000	genomic_info	dg.4DFC/840c7e9c-8900-4d1d-96667ce99c1e_39	dg.4DFC/840c7e9c-8900-4d1d-96667ce99c1e_39	964	130	66.25	985.87	Single-indexed
GRCh38	WXS Hybrid Selection paired-end	CLONE	Genomic	Hybrid Selection	ILLUMINA	Illumina NovaSeq 6000	genomic_info	dg.4DFC/840c7e9c-8900-4d1d-96667ce99c1e_40	dg.4DFC/840c7e9c-8900-4d1d-96667ce99c1e_40	892	376	292.27	88.35	Paired-end
GRCh37	"Anchored Multiplex PCR (AMP(TM)) chemistry is purpose-built to accurately identify both simple and complex genetic mutations by leveraging the power of bidirectional primers and molecular barcodes, or MBCs, from low nucleic acid input in tissue or blood. AMP chemistry is also flexible, so it can be used for applications in DNA, RNA, and ctDNA sequencing across most tumor type."	POOLCLONE	Transcriptomic	other	ILLUMINA	Illumina MiSeq	genomic_info	dg.4DFC/840c7e9c-8900-4d1d-96667ce99c1e_41	dg.4DFC/840c7e9c-8900-4d1d-96667ce99c1e_41	333	823	223.4	769.57	Paired-end
GRCh38	WXS Hybrid Selection paired-end	MNase-Seq	Genomic	Hybrid Selection	ILLUMINA	Illumina NovaSeq 6000	genomic_info	dg.4DFC/840c7e9c-8900-4d1d-96667ce99c1e_42	dg.4DFC/840c7e9c-8900-4d1d-96667ce99c1e_42	398	335	266.75	291.28	Single-indexed
GRCh38	WXS Hybrid Selection paired-end	ChIP-Seq	Genomic	Hybrid Selection	ILLUMINA	Illumina NovaSeq 6000	genomic_info	dg.4DFC/840c7e9c-8900-4d1d-96667ce99c1e_43	dg.4DFC/840c7e9c-8900-4d1d-96667ce99c1e_43	737	955	711	413.65	Paired-end
GRCh38	WXS Hybrid Selection paired-end	miRNA-Seq	Genomic	Hybrid Selection	ILLUMINA	Illumina NovaSeq 6000	genomic_info	dg.4DFC/840c7e9c-8900-4d1d-96667ce99c1e_44	dg.4DFC/840c7e9c-8900-4d1d-96667ce99c1e_44	544	154	240.87	955.65	Single-indexed
GRCh37	"Anchored Multiplex PCR (AMP(TM)) chemistry is purpose-built to accurately identify both simple and complex genetic mutations by leveraging the power of bidirectional primers and molecular barcodes, or MBCs, from low nucleic acid input in tissue or blood. AMP chemistry is also flexible, so it can be used for applications in DNA, RNA, and ctDNA sequencing across most tumor type."	EST	Transcriptomic	other	ILLUMINA	Illumina MiSeq	genomic_info	dg.4DFC/840c7e9c-8900-4d1d-96667ce99c1e_45	dg.4DFC/840c7e9c-8900-4d1d-96667ce99c1e_45	645	50	964.48	243.28	Paired-end
GRCh38	WXS Hybrid Selection paired-end	CTS	Genomic	Hybrid Selection	ILLUMINA	Illumina NovaSeq 6000	genomic_info	dg.4DFC/840c7e9c-8900-4d1d-96667ce99c1e_46	dg.4DFC/840c7e9c-8900-4d1d-96667ce99c1e_46	125	780	829.5	146.8	Single-end
GRCh37	"Anchored Multiplex PCR (AMP(TM)) chemistry is purpose-built to accurately identify both simple and complex genetic mutations by leveraging the power of bidirectional primers and molecular barcodes, or MBCs, from low nucleic acid input in tissue or blood. AMP chemistry is also flexible, so it can be used for applications in DNA, RNA, and ctDNA sequencing across most tumor type."	FL-cDNA	Transcriptomic	other	ILLUMINA	Illumina MiSeq	genomic_info	dg.4DFC/840c7e9c-8900-4d1d-96667ce99c1e_47	dg.4DFC/840c7e9c-8900-4d1d-96667ce99c1e_47	179	751	661.45	703	Single-end
GRCh37	"Anchored Multiplex PCR (AMP(TM)) chemistry is purpose-built to accurately identify both simple and complex genetic mutations by leveraging the power of bidirectional primers and molecular barcodes, or MBCs, from low nucleic acid input in tissue or blood. AMP chemistry is also flexible, so it can be used for applications in DNA, RNA, and ctDNA sequencing across most tumor type."	CLONEEND	Transcriptomic	other	ILLUMINA	Illumina MiSeq	genomic_info	dg.4DFC/840c7e9c-8900-4d1d-96667ce99c1e_48	dg.4DFC/840c7e9c-8900-4d1d-96667ce99c1e_48	623	457	114.16	314.05	Paired-end
GRCh38	WXS Hybrid Selection paired-end	EST	Genomic	Hybrid Selection	ILLUMINA	Illumina NovaSeq 6000	genomic_info	dg.4DFC/840c7e9c-8900-4d1d-96667ce99c1e_49	dg.4DFC/840c7e9c-8900-4d1d-96667ce99c1e_49	663	356	799.69	703.18	Single-end
GRCh37	"Anchored Multiplex PCR (AMP(TM)) chemistry is purpose-built to accurately identify both simple and complex genetic mutations by leveraging the power of bidirectional primers and molecular barcodes, or MBCs, from low nucleic acid input in tissue or blood. AMP chemistry is also flexible, so it can be used for applications in DNA, RNA, and ctDNA sequencing across most tumor type."	WGA	Transcriptomic	other	ILLUMINA	Illumina MiSeq	genomic_info	dg.4DFC/840c7e9c-8900-4d1d-96667ce99c1e_50	dg.4DFC/840c7e9c-8900-4d1d-96667ce99c1e_50	261	936	23.96	327.22	Single-end
GRCh38	WXS Hybrid Selection paired-end	RIP-Seq	Genomic	Hybrid Selection	ILLUMINA	Illumina NovaSeq 6000	genomic_info	dg.4DFC/840c7e9c-8900-4d1d-96667ce99c1e_51	dg.4DFC/840c7e9c-8900-4d1d-96667ce99c1e_51	240	862	420.57	765.13	Paired-end
GRCh38	WXS Hybrid Selection paired-end	CLONE	Genomic	Hybrid Selection	ILLUMINA	Illumina NovaSeq 6000	genomic_info	dg.4DFC/840c7e9c-8900-4d1d-96667ce99c1e_52	dg.4DFC/840c7e9c-8900-4d1d-96667ce99c1e_52	380	534	123.16	190.73	Single-indexed
GRCh37	"Anchored Multiplex PCR (AMP(TM)) chemistry is purpose-built to accurately identify both simple and complex genetic mutations by leveraging the power of bidirectional primers and molecular barcodes, or MBCs, from low nucleic acid input in tissue or blood. AMP chemistry is also flexible, so it can be used for applications in DNA, RNA, and ctDNA sequencing across most tumor type."	MNase-Seq	Transcriptomic	other	ILLUMINA	Illumina MiSeq	genomic_info	dg.4DFC/840c7e9c-8900-4d1d-96667ce99c1e_53	dg.4DFC/840c7e9c-8900-4d1d-96667ce99c1e_53	37	999	427.16	32.31	Single-indexed
GRCh38	WXS Hybrid Selection paired-end	MeDIP-Seq	Genomic	Hybrid Selection	ILLUMINA	Illumina NovaSeq 6000	genomic_info	dg.4DFC/840c7e9c-8900-4d1d-96667ce99c1e_54	dg.4DFC/840c7e9c-8900-4d1d-96667ce99c1e_54	469	575	166.23	166.76	Single-indexed
GRCh37	"Anchored Multiplex PCR (AMP(TM)) chemistry is purpose-built to accurately identify both simple and complex genetic mutations by leveraging the power of bidirectional primers and molecular barcodes, or MBCs, from low nucleic acid input in tissue or blood. AMP chemistry is also flexible, so it can be used for applications in DNA, RNA, and ctDNA sequencing across most tumor type."	RIP-Seq	Transcriptomic	other	ILLUMINA	Illumina MiSeq	genomic_info	dg.4DFC/840c7e9c-8900-4d1d-96667ce99c1e_55	dg.4DFC/840c7e9c-8900-4d1d-96667ce99c1e_55	415	168	90.96	375.91	Single-end
GRCh37	"Anchored Multiplex PCR (AMP(TM)) chemistry is purpose-built to accurately identify both simple and complex genetic mutations by leveraging the power of bidirectional primers and molecular barcodes, or MBCs, from low nucleic acid input in tissue or blood. AMP chemistry is also flexible, so it can be used for applications in DNA, RNA, and ctDNA sequencing across most tumor type."	RIP-Seq	Transcriptomic	other	ILLUMINA	Illumina MiSeq	genomic_info	dg.4DFC/840c7e9c-8900-4d1d-96667ce99c1e_56	dg.4DFC/840c7e9c-8900-4d1d-96667ce99c1e_56	307	742	608.47	882.88	Single-end
GRCh38	WXS Hybrid Selection paired-end	AMPLICON	Genomic	Hybrid Selection	ILLUMINA	Illumina NovaSeq 6000	genomic_info	dg.4DFC/840c7e9c-8900-4d1d-96667ce99c1e_57	dg.4DFC/840c7e9c-8900-4d1d-96667ce99c1e_57	343	193	872.45	543.47	Single-indexed
GRCh38	WXS Hybrid Selection paired-end	miRNA-Seq	Genomic	Hybrid Selection	ILLUMINA	Illumina NovaSeq 6000	genomic_info	dg.4DFC/840c7e9c-8900-4d1d-96667ce99c1e_58	dg.4DFC/840c7e9c-8900-4d1d-96667ce99c1e_58	168	470	189.41	593.24	Single-indexed
GRCh38	WXS Hybrid Selection paired-end	EST	Genomic	Hybrid Selection	ILLUMINA	Illumina NovaSeq 6000	genomic_info	dg.4DFC/840c7e9c-8900-4d1d-96667ce99c1e_59	dg.4DFC/840c7e9c-8900-4d1d-96667ce99c1e_59	243	305	143.17	913.86	Single-indexed
GRCh38	WXS Hybrid Selection paired-end	FL-cDNA	Genomic	Hybrid Selection	ILLUMINA	Illumina NovaSeq 6000	genomic_info	dg.4DFC/840c7e9c-8900-4d1d-96667ce99c1e_60	dg.4DFC/840c7e9c-8900-4d1d-96667ce99c1e_60	462	515	94.41	783.15	Paired-end
GRCh38	WXS Hybrid Selection paired-end	SELEX	Genomic	Hybrid Selection	ILLUMINA	Illumina NovaSeq 6000	genomic_info	dg.4DFC/840c7e9c-8900-4d1d-96667ce99c1e_61	dg.4DFC/840c7e9c-8900-4d1d-96667ce99c1e_61	471	958	667.13	767.23	Single-indexed
GRCh38	WXS Hybrid Selection paired-end	RIP-Seq	Genomic	Hybrid Selection	ILLUMINA	Illumina NovaSeq 6000	genomic_info	dg.4DFC/840c7e9c-8900-4d1d-96667ce99c1e_62	dg.4DFC/840c7e9c-8900-4d1d-96667ce99c1e_62	95	315	110.2	782.34	Single-end
GRCh37	"Anchored Multiplex PCR (AMP(TM)) chemistry is purpose-built to accurately identify both simple and complex genetic mutations by leveraging the power of bidirectional primers and molecular barcodes, or MBCs, from low nucleic acid input in tissue or blood. AMP chemistry is also flexible, so it can be used for applications in DNA, RNA, and ctDNA sequencing across most tumor type."	RIP-Seq	Transcriptomic	other	ILLUMINA	Illumina MiSeq	genomic_info	dg.4DFC/840c7e9c-8900-4d1d-96667ce99c1e_63	dg.4DFC/840c7e9c-8900-4d1d-96667ce99c1e_63	499	431	827.13	860.58	Single-indexed
GRCh37	"Anchored Multiplex PCR (AMP(TM)) chemistry is purpose-built to accurately identify both simple and complex genetic mutations by leveraging the power of bidirectional primers and molecular barcodes, or MBCs, from low nucleic acid input in tissue or blood. AMP chemistry is also flexible, so it can be used for applications in DNA, RNA, and ctDNA sequencing across most tumor type."	AMPLICON	Transcriptomic	other	ILLUMINA	Illumina MiSeq	genomic_info	dg.4DFC/840c7e9c-8900-4d1d-96667ce99c1e_64	dg.4DFC/840c7e9c-8900-4d1d-96667ce99c1e_64	740	751	583.19	830.45	Paired-end
GRCh37	"Anchored Multiplex PCR (AMP(TM)) chemistry is purpose-built to accurately identify both simple and complex genetic mutations by leveraging the power of bidirectional primers and molecular barcodes, or MBCs, from low nucleic acid input in tissue or blood. AMP chemistry is also flexible, so it can be used for applications in DNA, RNA, and ctDNA sequencing across most tumor type."	POOLCLONE	Transcriptomic	other	ILLUMINA	Illumina MiSeq	genomic_info	dg.4DFC/840c7e9c-8900-4d1d-96667ce99c1e_65	dg.4DFC/840c7e9c-8900-4d1d-96667ce99c1e_65	565	271	429.88	272.81	Single-end
GRCh38	WXS Hybrid Selection paired-end	MBD-Seq	Genomic	Hybrid Selection	ILLUMINA	Illumina NovaSeq 6000	genomic_info	dg.4DFC/840c7e9c-8900-4d1d-96667ce99c1e_66	dg.4DFC/840c7e9c-8900-4d1d-96667ce99c1e_66	305	321	310.18	738.8	Single-indexed
GRCh37	"Anchored Multiplex PCR (AMP(TM)) chemistry is purpose-built to accurately identify both simple and complex genetic mutations by leveraging the power of bidirectional primers and molecular barcodes, or MBCs, from low nucleic acid input in tissue or blood. AMP chemistry is also flexible, so it can be used for applications in DNA, RNA, and ctDNA sequencing across most tumor type."	SELEX	Transcriptomic	other	ILLUMINA	Illumina MiSeq	genomic_info	dg.4DFC/840c7e9c-8900-4d1d-96667ce99c1e_67	dg.4DFC/840c7e9c-8900-4d1d-96667ce99c1e_67	987	638	229.39	425.54	Single-indexed
GRCh37	"Anchored Multiplex PCR (AMP(TM)) chemistry is purpose-built to accurately identify both simple and complex genetic mutations by leveraging the power of bidirectional primers and molecular barcodes, or MBCs, from low nucleic acid input in tissue or blood. AMP chemistry is also flexible, so it can be used for applications in DNA, RNA, and ctDNA sequencing across most tumor type."	Tn-Seq	Transcriptomic	other	ILLUMINA	Illumina MiSeq	genomic_info	dg.4DFC/840c7e9c-8900-4d1d-96667ce99c1e_68	dg.4DFC/840c7e9c-8900-4d1d-96667ce99c1e_68	600	719	461.76	156.49	Single-end
GRCh37	"Anchored Multiplex PCR (AMP(TM)) chemistry is purpose-built to accurately identify both simple and complex genetic mutations by leveraging the power of bidirectional primers and molecular barcodes, or MBCs, from low nucleic acid input in tissue or blood. AMP chemistry is also flexible, so it can be used for applications in DNA, RNA, and ctDNA sequencing across most tumor type."	RNA-Seq	Transcriptomic	other	ILLUMINA	Illumina MiSeq	genomic_info	dg.4DFC/840c7e9c-8900-4d1d-96667ce99c1e_69	dg.4DFC/840c7e9c-8900-4d1d-96667ce99c1e_69	494	154	640.35	396.81	Paired-end
GRCh38	WXS Hybrid Selection paired-end	ncRNA-Seq	Genomic	Hybrid Selection	ILLUMINA	Illumina NovaSeq 6000	genomic_info	dg.4DFC/840c7e9c-8900-4d1d-96667ce99c1e_70	dg.4DFC/840c7e9c-8900-4d1d-96667ce99c1e_70	655	998	166.33	905.49	Single-end
GRCh37	"Anchored Multiplex PCR (AMP(TM)) chemistry is purpose-built to accurately identify both simple and complex genetic mutations by leveraging the power of bidirectional primers and molecular barcodes, or MBCs, from low nucleic acid input in tissue or blood. AMP chemistry is also flexible, so it can be used for applications in DNA, RNA, and ctDNA sequencing across most tumor type."	WCS	Transcriptomic	other	ILLUMINA	Illumina MiSeq	genomic_info	dg.4DFC/840c7e9c-8900-4d1d-96667ce99c1e_71	dg.4DFC/840c7e9c-8900-4d1d-96667ce99c1e_71	644	917	222.84	418.95	Single-end
GRCh38	WXS Hybrid Selection paired-end	Targeted-Capture	Genomic	Hybrid Selection	ILLUMINA	Illumina NovaSeq 6000	genomic_info	dg.4DFC/840c7e9c-8900-4d1d-96667ce99c1e_72	dg.4DFC/840c7e9c-8900-4d1d-96667ce99c1e_72	658	168	70.09	412.1	Paired-end
GRCh37	"Anchored Multiplex PCR (AMP(TM)) chemistry is purpose-built to accurately identify both simple and complex genetic mutations by leveraging the power of bidirectional primers and molecular barcodes, or MBCs, from low nucleic acid input in tissue or blood. AMP chemistry is also flexible, so it can be used for applications in DNA, RNA, and ctDNA sequencing across most tumor type."	FAIRE-seq	Transcriptomic	other	ILLUMINA	Illumina MiSeq	genomic_info	dg.4DFC/840c7e9c-8900-4d1d-96667ce99c1e_73	dg.4DFC/840c7e9c-8900-4d1d-96667ce99c1e_73	722	315	660.26	330.94	Single-indexed
GRCh38	WXS Hybrid Selection paired-end	FL-cDNA	Genomic	Hybrid Selection	ILLUMINA	Illumina NovaSeq 6000	genomic_info	dg.4DFC/840c7e9c-8900-4d1d-96667ce99c1e_74	dg.4DFC/840c7e9c-8900-4d1d-96667ce99c1e_74	731	99	598.47	193.45	Single-indexed
GRCh38	WXS Hybrid Selection paired-end	MBD-Seq	Genomic	Hybrid Selection	ILLUMINA	Illumina NovaSeq 6000	genomic_info	dg.4DFC/840c7e9c-8900-4d1d-96667ce99c1e_75	dg.4DFC/840c7e9c-8900-4d1d-96667ce99c1e_75	941	348	792.98	676.24	Single-end
GRCh38	WXS Hybrid Selection paired-end	WCS	Genomic	Hybrid Selection	ILLUMINA	Illumina NovaSeq 6000	genomic_info	dg.4DFC/840c7e9c-8900-4d1d-96667ce99c1e_76	dg.4DFC/840c7e9c-8900-4d1d-96667ce99c1e_76	748	120	444.11	682.36	Paired-end
GRCh37	"Anchored Multiplex PCR (AMP(TM)) chemistry is purpose-built to accurately identify both simple and complex genetic mutations by leveraging the power of bidirectional primers and molecular barcodes, or MBCs, from low nucleic acid input in tissue or blood. AMP chemistry is also flexible, so it can be used for applications in DNA, RNA, and ctDNA sequencing across most tumor type."	miRNA-Seq	Transcriptomic	other	ILLUMINA	Illumina MiSeq	genomic_info	dg.4DFC/840c7e9c-8900-4d1d-96667ce99c1e_77	dg.4DFC/840c7e9c-8900-4d1d-96667ce99c1e_77	674	622	928.64	864.69	Single-end
GRCh38	WXS Hybrid Selection paired-end	MBD-Seq	Genomic	Hybrid Selection	ILLUMINA	Illumina NovaSeq 6000	genomic_info	dg.4DFC/840c7e9c-8900-4d1d-96667ce99c1e_78	dg.4DFC/840c7e9c-8900-4d1d-96667ce99c1e_78	147	82	221.81	72.73	Single-end
GRCh37	"Anchored Multiplex PCR (AMP(TM)) chemistry is purpose-built to accurately identify both simple and complex genetic mutations by leveraging the power of bidirectional primers and molecular barcodes, or MBCs, from low nucleic acid input in tissue or blood. AMP chemistry is also flexible, so it can be used for applications in DNA, RNA, and ctDNA sequencing across most tumor type."	Bisulfite-Seq	Transcriptomic	other	ILLUMINA	Illumina MiSeq	genomic_info	dg.4DFC/840c7e9c-8900-4d1d-96667ce99c1e_79	dg.4DFC/840c7e9c-8900-4d1d-96667ce99c1e_79	909	837	891.53	251.11	Paired-end
GRCh37	"Anchored Multiplex PCR (AMP(TM)) chemistry is purpose-built to accurately identify both simple and complex genetic mutations by leveraging the power of bidirectional primers and molecular barcodes, or MBCs, from low nucleic acid input in tissue or blood. AMP chemistry is also flexible, so it can be used for applications in DNA, RNA, and ctDNA sequencing across most tumor type."	Tn-Seq	Transcriptomic	other	ILLUMINA	Illumina MiSeq	genomic_info	dg.4DFC/840c7e9c-8900-4d1d-96667ce99c1e_80	dg.4DFC/840c7e9c-8900-4d1d-96667ce99c1e_80	640	695	661.41	573.45	Single-end
GRCh38	WXS Hybrid Selection paired-end	ncRNA-Seq	Genomic	Hybrid Selection	ILLUMINA	Illumina NovaSeq 6000	genomic_info	dg.4DFC/840c7e9c-8900-4d1d-96667ce99c1e_81	dg.4DFC/840c7e9c-8900-4d1d-96667ce99c1e_81	553	672	940.65	390.6	Paired-end
GRCh38	WXS Hybrid Selection paired-end	DNase-Hypersensitivity	Genomic	Hybrid Selection	ILLUMINA	Illumina NovaSeq 6000	genomic_info	dg.4DFC/840c7e9c-8900-4d1d-96667ce99c1e_82	dg.4DFC/840c7e9c-8900-4d1d-96667ce99c1e_82	317	639	458.7	82.11	Single-end
GRCh38	WXS Hybrid Selection paired-end	RNA-Seq	Genomic	Hybrid Selection	ILLUMINA	Illumina NovaSeq 6000	genomic_info	dg.4DFC/840c7e9c-8900-4d1d-96667ce99c1e_83	dg.4DFC/840c7e9c-8900-4d1d-96667ce99c1e_83	429	826	135.59	44.79	Single-end
GRCh38	WXS Hybrid Selection paired-end	RAD-Seq	Genomic	Hybrid Selection	ILLUMINA	Illumina NovaSeq 6000	genomic_info	dg.4DFC/840c7e9c-8900-4d1d-96667ce99c1e_84	dg.4DFC/840c7e9c-8900-4d1d-96667ce99c1e_84	503	625	798.14	895.49	Single-indexed
GRCh37	"Anchored Multiplex PCR (AMP(TM)) chemistry is purpose-built to accurately identify both simple and complex genetic mutations by leveraging the power of bidirectional primers and molecular barcodes, or MBCs, from low nucleic acid input in tissue or blood. AMP chemistry is also flexible, so it can be used for applications in DNA, RNA, and ctDNA sequencing across most tumor type."	MeDIP-Seq	Transcriptomic	other	ILLUMINA	Illumina MiSeq	genomic_info	dg.4DFC/840c7e9c-8900-4d1d-96667ce99c1e_85	dg.4DFC/840c7e9c-8900-4d1d-96667ce99c1e_85	184	64	781.54	818.58	Single-end
GRCh38	WXS Hybrid Selection paired-end	ncRNA-Seq	Genomic	Hybrid Selection	ILLUMINA	Illumina NovaSeq 6000	genomic_info	dg.4DFC/840c7e9c-8900-4d1d-96667ce99c1e_86	dg.4DFC/840c7e9c-8900-4d1d-96667ce99c1e_86	191	531	957.29	655	Single-end
GRCh38	WXS Hybrid Selection paired-end	Targeted-Capture	Genomic	Hybrid Selection	ILLUMINA	Illumina NovaSeq 6000	genomic_info	dg.4DFC/840c7e9c-8900-4d1d-96667ce99c1e_87	dg.4DFC/840c7e9c-8900-4d1d-96667ce99c1e_87	671	734	715.19	445.73	Single-indexed
GRCh38	WXS Hybrid Selection paired-end	ChIP-Seq	Genomic	Hybrid Selection	ILLUMINA	Illumina NovaSeq 6000	genomic_info	dg.4DFC/840c7e9c-8900-4d1d-96667ce99c1e_88	dg.4DFC/840c7e9c-8900-4d1d-96667ce99c1e_88	833	186	616.15	232.89	Single-indexed
GRCh38	WXS Hybrid Selection paired-end	ChIP-Seq	Genomic	Hybrid Selection	ILLUMINA	Illumina NovaSeq 6000	genomic_info	dg.4DFC/840c7e9c-8900-4d1d-96667ce99c1e_89	dg.4DFC/840c7e9c-8900-4d1d-96667ce99c1e_89	625	756	482	182.81	Paired-end
GRCh38	WXS Hybrid Selection paired-end	POOLCLONE	Genomic	Hybrid Selection	ILLUMINA	Illumina NovaSeq 6000	genomic_info	dg.4DFC/840c7e9c-8900-4d1d-96667ce99c1e_90	dg.4DFC/840c7e9c-8900-4d1d-96667ce99c1e_90	466	54	880.69	198.98	Paired-end
GRCh38	WXS Hybrid Selection paired-end	MRE-Seq	Genomic	Hybrid Selection	ILLUMINA	Illumina NovaSeq 6000	genomic_info	dg.4DFC/840c7e9c-8900-4d1d-96667ce99c1e_91	dg.4DFC/840c7e9c-8900-4d1d-96667ce99c1e_91	806	761	961.38	611.61	Paired-end
GRCh38	WXS Hybrid Selection paired-end	AMPLICON	Genomic	Hybrid Selection	ILLUMINA	Illumina NovaSeq 6000	genomic_info	dg.4DFC/840c7e9c-8900-4d1d-96667ce99c1e_92	dg.4DFC/840c7e9c-8900-4d1d-96667ce99c1e_92	174	374	323.77	481.5	Single-indexed
GRCh37	"Anchored Multiplex PCR (AMP(TM)) chemistry is purpose-built to accurately identify both simple and complex genetic mutations by leveraging the power of bidirectional primers and molecular barcodes, or MBCs, from low nucleic acid input in tissue or blood. AMP chemistry is also flexible, so it can be used for applications in DNA, RNA, and ctDNA sequencing across most tumor type."	RIP-Seq	Transcriptomic	other	ILLUMINA	Illumina MiSeq	genomic_info	dg.4DFC/840c7e9c-8900-4d1d-96667ce99c1e_93	dg.4DFC/840c7e9c-8900-4d1d-96667ce99c1e_93	734	966	530.71	993.7	Single-end
GRCh37	"Anchored Multiplex PCR (AMP(TM)) chemistry is purpose-built to accurately identify both simple and complex genetic mutations by leveraging the power of bidirectional primers and molecular barcodes, or MBCs, from low nucleic acid input in tissue or blood. AMP chemistry is also flexible, so it can be used for applications in DNA, RNA, and ctDNA sequencing across most tumor type."	ncRNA-Seq	Transcriptomic	other	ILLUMINA	Illumina MiSeq	genomic_info	dg.4DFC/840c7e9c-8900-4d1d-96667ce99c1e_94	dg.4DFC/840c7e9c-8900-4d1d-96667ce99c1e_94	379	72	465.72	878.62	Single-indexed
GRCh37	"Anchored Multiplex PCR (AMP(TM)) chemistry is purpose-built to accurately identify both simple and complex genetic mutations by leveraging the power of bidirectional primers and molecular barcodes, or MBCs, from low nucleic acid input in tissue or blood. AMP chemistry is also flexible, so it can be used for applications in DNA, RNA, and ctDNA sequencing across most tumor type."	CTS	Transcriptomic	other	ILLUMINA	Illumina MiSeq	genomic_info	dg.4DFC/840c7e9c-8900-4d1d-96667ce99c1e_95	dg.4DFC/840c7e9c-8900-4d1d-96667ce99c1e_95	506	26	760.35	218.7	Single-indexed
GRCh38	WXS Hybrid Selection paired-end	ATAC-seq	Genomic	Hybrid Selection	ILLUMINA	Illumina NovaSeq 6000	genomic_info	dg.4DFC/840c7e9c-8900-4d1d-96667ce99c1e_96	dg.4DFC/840c7e9c-8900-4d1d-96667ce99c1e_96	565	820	444.13	13.91	Paired-end
GRCh37	"Anchored Multiplex PCR (AMP(TM)) chemistry is purpose-built to accurately identify both simple and complex genetic mutations by leveraging the power of bidirectional primers and molecular barcodes, or MBCs, from low nucleic acid input in tissue or blood. AMP chemistry is also flexible, so it can be used for applications in DNA, RNA, and ctDNA sequencing across most tumor type."	MRE-Seq	Transcriptomic	other	ILLUMINA	Illumina MiSeq	genomic_info	dg.4DFC/840c7e9c-8900-4d1d-96667ce99c1e_97	dg.4DFC/840c7e9c-8900-4d1d-96667ce99c1e_97	723	913	876.48	347.96	Paired-end
GRCh38	WXS Hybrid Selection paired-end	RNA-Seq	Genomic	Hybrid Selection	ILLUMINA	Illumina NovaSeq 6000	genomic_info	dg.4DFC/840c7e9c-8900-4d1d-96667ce99c1e_98	dg.4DFC/840c7e9c-8900-4d1d-96667ce99c1e_98	295	223	799.87	27.28	Single-end
GRCh38	WXS Hybrid Selection paired-end	ATAC-seq	Genomic	Hybrid Selection	ILLUMINA	Illumina NovaSeq 6000	genomic_info	dg.4DFC/840c7e9c-8900-4d1d-96667ce99c1e_99	dg.4DFC/840c7e9c-8900-4d1d-96667ce99c1e_99	89	959	645.59	142.29	Single-end
GRCh37	"Anchored Multiplex PCR (AMP(TM)) chemistry is purpose-built to accurately identify both simple and complex genetic mutations by leveraging the power of bidirectional primers and molecular barcodes, or MBCs, from low nucleic acid input in tissue or blood. AMP chemistry is also flexible, so it can be used for applications in DNA, RNA, and ctDNA sequencing across most tumor type."	Hi-C	Transcriptomic	other	ILLUMINA	Illumina MiSeq	genomic_info	dg.4DFC/840c7e9c-8900-4d1d-96667ce99c1e_100	dg.4DFC/840c7e9c-8900-4d1d-96667ce99c1e_100	738	524	343.11	303.84	Paired-end
GRCh38	WXS Hybrid Selection paired-end	CLONE	Genomic	Hybrid Selection	ILLUMINA	Illumina NovaSeq 6000	genomic_info	dg.4DFC/840c7e9c-8900-4d1d-96667ce99c1e_101	dg.4DFC/840c7e9c-8900-4d1d-96667ce99c1e_101	369	641	146.54	335.17	Single-end
GRCh37	"Anchored Multiplex PCR (AMP(TM)) chemistry is purpose-built to accurately identify both simple and complex genetic mutations by leveraging the power of bidirectional primers and molecular barcodes, or MBCs, from low nucleic acid input in tissue or blood. AMP chemistry is also flexible, so it can be used for applications in DNA, RNA, and ctDNA sequencing across most tumor type."	Tethered Chromatin Conformation Capture	Transcriptomic	other	ILLUMINA	Illumina MiSeq	genomic_info	dg.4DFC/840c7e9c-8900-4d1d-96667ce99c1e_102	dg.4DFC/840c7e9c-8900-4d1d-96667ce99c1e_102	371	318	531.47	560.96	Single-indexed
GRCh38	WXS Hybrid Selection paired-end	ncRNA-Seq	Genomic	Hybrid Selection	ILLUMINA	Illumina NovaSeq 6000	genomic_info	dg.4DFC/840c7e9c-8900-4d1d-96667ce99c1e_103	dg.4DFC/840c7e9c-8900-4d1d-96667ce99c1e_103	916	722	565.43	791.02	Paired-end
GRCh37	"Anchored Multiplex PCR (AMP(TM)) chemistry is purpose-built to accurately identify both simple and complex genetic mutations by leveraging the power of bidirectional primers and molecular barcodes, or MBCs, from low nucleic acid input in tissue or blood. AMP chemistry is also flexible, so it can be used for applications in DNA, RNA, and ctDNA sequencing across most tumor type."	CLONE	Transcriptomic	other	ILLUMINA	Illumina MiSeq	genomic_info	dg.4DFC/840c7e9c-8900-4d1d-96667ce99c1e_104	dg.4DFC/840c7e9c-8900-4d1d-96667ce99c1e_104	500	44	677.23	847.92	Single-end
GRCh38	WXS Hybrid Selection paired-end	WGS	Genomic	Hybrid Selection	ILLUMINA	Illumina NovaSeq 6000	genomic_info	dg.4DFC/840c7e9c-8900-4d1d-96667ce99c1e_105	dg.4DFC/840c7e9c-8900-4d1d-96667ce99c1e_105	35	69	697.62	345.97	Single-indexed
GRCh37	"Anchored Multiplex PCR (AMP(TM)) chemistry is purpose-built to accurately identify both simple and complex genetic mutations by leveraging the power of bidirectional primers and molecular barcodes, or MBCs, from low nucleic acid input in tissue or blood. AMP chemistry is also flexible, so it can be used for applications in DNA, RNA, and ctDNA sequencing across most tumor type."	MRE-Seq	Transcriptomic	other	ILLUMINA	Illumina MiSeq	genomic_info	dg.4DFC/840c7e9c-8900-4d1d-96667ce99c1e_106	dg.4DFC/840c7e9c-8900-4d1d-96667ce99c1e_106	824	931	775.45	453.57	Paired-end
GRCh37	"Anchored Multiplex PCR (AMP(TM)) chemistry is purpose-built to accurately identify both simple and complex genetic mutations by leveraging the power of bidirectional primers and molecular barcodes, or MBCs, from low nucleic acid input in tissue or blood. AMP chemistry is also flexible, so it can be used for applications in DNA, RNA, and ctDNA sequencing across most tumor type."	ATAC-seq	Transcriptomic	other	ILLUMINA	Illumina MiSeq	genomic_info	dg.4DFC/840c7e9c-8900-4d1d-96667ce99c1e_107	dg.4DFC/840c7e9c-8900-4d1d-96667ce99c1e_107	542	288	41.7	772.53	Single-indexed
GRCh38	WXS Hybrid Selection paired-end	Bisulfite-Seq	Genomic	Hybrid Selection	ILLUMINA	Illumina NovaSeq 6000	genomic_info	dg.4DFC/840c7e9c-8900-4d1d-96667ce99c1e_108	dg.4DFC/840c7e9c-8900-4d1d-96667ce99c1e_108	874	971	20.52	652.49	Paired-end
GRCh37	"Anchored Multiplex PCR (AMP(TM)) chemistry is purpose-built to accurately identify both simple and complex genetic mutations by leveraging the power of bidirectional primers and molecular barcodes, or MBCs, from low nucleic acid input in tissue or blood. AMP chemistry is also flexible, so it can be used for applications in DNA, RNA, and ctDNA sequencing across most tumor type."	MeDIP-Seq	Transcriptomic	other	ILLUMINA	Illumina MiSeq	genomic_info	dg.4DFC/840c7e9c-8900-4d1d-96667ce99c1e_109	dg.4DFC/840c7e9c-8900-4d1d-96667ce99c1e_109	790	185	995.03	496.29	Single-indexed
GRCh38	WXS Hybrid Selection paired-end	SELEX	Genomic	Hybrid Selection	ILLUMINA	Illumina NovaSeq 6000	genomic_info	dg.4DFC/840c7e9c-8900-4d1d-96667ce99c1e_110	dg.4DFC/840c7e9c-8900-4d1d-96667ce99c1e_110	999	489	622.13	456.12	Paired-end
GRCh38	WXS Hybrid Selection paired-end	Hi-C	Genomic	Hybrid Selection	ILLUMINA	Illumina NovaSeq 6000	genomic_info	dg.4DFC/840c7e9c-8900-4d1d-96667ce99c1e_111	dg.4DFC/840c7e9c-8900-4d1d-96667ce99c1e_111	342	678	291.02	249.99	Single-indexed
GRCh37	"Anchored Multiplex PCR (AMP(TM)) chemistry is purpose-built to accurately identify both simple and complex genetic mutations by leveraging the power of bidirectional primers and molecular barcodes, or MBCs, from low nucleic acid input in tissue or blood. AMP chemistry is also flexible, so it can be used for applications in DNA, RNA, and ctDNA sequencing across most tumor type."	WXS	Transcriptomic	other	ILLUMINA	Illumina MiSeq	genomic_info	dg.4DFC/840c7e9c-8900-4d1d-96667ce99c1e_112	dg.4DFC/840c7e9c-8900-4d1d-96667ce99c1e_112	841	917	296.82	114.97	Single-indexed
GRCh38	WXS Hybrid Selection paired-end	ChIA-PET	Genomic	Hybrid Selection	ILLUMINA	Illumina NovaSeq 6000	genomic_info	dg.4DFC/840c7e9c-8900-4d1d-96667ce99c1e_113	dg.4DFC/840c7e9c-8900-4d1d-96667ce99c1e_113	518	454	71.35	44.61	Single-indexed
GRCh37	"Anchored Multiplex PCR (AMP(TM)) chemistry is purpose-built to accurately identify both simple and complex genetic mutations by leveraging the power of bidirectional primers and molecular barcodes, or MBCs, from low nucleic acid input in tissue or blood. AMP chemistry is also flexible, so it can be used for applications in DNA, RNA, and ctDNA sequencing across most tumor type."	RIP-Seq	Transcriptomic	other	ILLUMINA	Illumina MiSeq	genomic_info	dg.4DFC/840c7e9c-8900-4d1d-96667ce99c1e_114	dg.4DFC/840c7e9c-8900-4d1d-96667ce99c1e_114	750	568	188.06	244.66	Single-indexed
GRCh37	"Anchored Multiplex PCR (AMP(TM)) chemistry is purpose-built to accurately identify both simple and complex genetic mutations by leveraging the power of bidirectional primers and molecular barcodes, or MBCs, from low nucleic acid input in tissue or blood. AMP chemistry is also flexible, so it can be used for applications in DNA, RNA, and ctDNA sequencing across most tumor type."	ChIA-PET	Transcriptomic	other	ILLUMINA	Illumina MiSeq	genomic_info	dg.4DFC/840c7e9c-8900-4d1d-96667ce99c1e_115	dg.4DFC/840c7e9c-8900-4d1d-96667ce99c1e_115	552	285	425.46	298.95	Single-indexed
GRCh37	"Anchored Multiplex PCR (AMP(TM)) chemistry is purpose-built to accurately identify both simple and complex genetic mutations by leveraging the power of bidirectional primers and molecular barcodes, or MBCs, from low nucleic acid input in tissue or blood. AMP chemistry is also flexible, so it can be used for applications in DNA, RNA, and ctDNA sequencing across most tumor type."	DNase-Hypersensitivity	Transcriptomic	other	ILLUMINA	Illumina MiSeq	genomic_info	dg.4DFC/840c7e9c-8900-4d1d-96667ce99c1e_116	dg.4DFC/840c7e9c-8900-4d1d-96667ce99c1e_116	358	759	704.44	703.14	Paired-end
GRCh38	WXS Hybrid Selection paired-end	WGS	Genomic	Hybrid Selection	ILLUMINA	Illumina NovaSeq 6000	genomic_info	dg.4DFC/840c7e9c-8900-4d1d-96667ce99c1e_117	dg.4DFC/840c7e9c-8900-4d1d-96667ce99c1e_117	756	964	324.22	566.01	Single-end
GRCh37	"Anchored Multiplex PCR (AMP(TM)) chemistry is purpose-built to accurately identify both simple and complex genetic mutations by leveraging the power of bidirectional primers and molecular barcodes, or MBCs, from low nucleic acid input in tissue or blood. AMP chemistry is also flexible, so it can be used for applications in DNA, RNA, and ctDNA sequencing across most tumor type."	WCS	Transcriptomic	other	ILLUMINA	Illumina MiSeq	genomic_info	dg.4DFC/840c7e9c-8900-4d1d-96667ce99c1e_118	dg.4DFC/840c7e9c-8900-4d1d-96667ce99c1e_118	110	401	848.01	226.49	Paired-end
GRCh38	WXS Hybrid Selection paired-end	ChIP-Seq	Genomic	Hybrid Selection	ILLUMINA	Illumina NovaSeq 6000	genomic_info	dg.4DFC/840c7e9c-8900-4d1d-96667ce99c1e_119	dg.4DFC/840c7e9c-8900-4d1d-96667ce99c1e_119	792	818	556.37	377.18	Single-end
GRCh37	"Anchored Multiplex PCR (AMP(TM)) chemistry is purpose-built to accurately identify both simple and complex genetic mutations by leveraging the power of bidirectional primers and molecular barcodes, or MBCs, from low nucleic acid input in tissue or blood. AMP chemistry is also flexible, so it can be used for applications in DNA, RNA, and ctDNA sequencing across most tumor type."	POOLCLONE	Transcriptomic	other	ILLUMINA	Illumina MiSeq	genomic_info	dg.4DFC/840c7e9c-8900-4d1d-96667ce99c1e_120	dg.4DFC/840c7e9c-8900-4d1d-96667ce99c1e_120	440	906	840.72	65.76	Paired-end
GRCh38	WXS Hybrid Selection paired-end	ssRNA-seq	Genomic	Hybrid Selection	ILLUMINA	Illumina NovaSeq 6000	genomic_info	dg.4DFC/840c7e9c-8900-4d1d-96667ce99c1e_121	dg.4DFC/840c7e9c-8900-4d1d-96667ce99c1e_121	872	646	643.86	544.53	Paired-end
GRCh38	WXS Hybrid Selection paired-end	MRE-Seq	Genomic	Hybrid Selection	ILLUMINA	Illumina NovaSeq 6000	genomic_info	dg.4DFC/840c7e9c-8900-4d1d-96667ce99c1e_122	dg.4DFC/840c7e9c-8900-4d1d-96667ce99c1e_122	345	605	384.75	695.93	Single-end
GRCh38	WXS Hybrid Selection paired-end	MNase-Seq	Genomic	Hybrid Selection	ILLUMINA	Illumina NovaSeq 6000	genomic_info	dg.4DFC/840c7e9c-8900-4d1d-96667ce99c1e_123	dg.4DFC/840c7e9c-8900-4d1d-96667ce99c1e_123	25	288	33.91	274.89	Paired-end
GRCh37	"Anchored Multiplex PCR (AMP(TM)) chemistry is purpose-built to accurately identify both simple and complex genetic mutations by leveraging the power of bidirectional primers and molecular barcodes, or MBCs, from low nucleic acid input in tissue or blood. AMP chemistry is also flexible, so it can be used for applications in DNA, RNA, and ctDNA sequencing across most tumor type."	DNase-Hypersensitivity	Transcriptomic	other	ILLUMINA	Illumina MiSeq	genomic_info	dg.4DFC/840c7e9c-8900-4d1d-96667ce99c1e_124	dg.4DFC/840c7e9c-8900-4d1d-96667ce99c1e_124	827	798	885.06	650.42	Paired-end
GRCh38	WXS Hybrid Selection paired-end	DNase-Hypersensitivity	Genomic	Hybrid Selection	ILLUMINA	Illumina NovaSeq 6000	genomic_info	dg.4DFC/840c7e9c-8900-4d1d-96667ce99c1e_125	dg.4DFC/840c7e9c-8900-4d1d-96667ce99c1e_125	501	319	267.31	340.05	Single-indexed
GRCh38	WXS Hybrid Selection paired-end	FAIRE-seq	Genomic	Hybrid Selection	ILLUMINA	Illumina NovaSeq 6000	genomic_info	dg.4DFC/840c7e9c-8900-4d1d-96667ce99c1e_126	dg.4DFC/840c7e9c-8900-4d1d-96667ce99c1e_126	657	478	489.33	450.65	Single-indexed
GRCh38	WXS Hybrid Selection paired-end	Tethered Chromatin Conformation Capture	Genomic	Hybrid Selection	ILLUMINA	Illumina NovaSeq 6000	genomic_info	dg.4DFC/840c7e9c-8900-4d1d-96667ce99c1e_127	dg.4DFC/840c7e9c-8900-4d1d-96667ce99c1e_127	833	869	266.19	520.39	Paired-end
GRCh37	"Anchored Multiplex PCR (AMP(TM)) chemistry is purpose-built to accurately identify both simple and complex genetic mutations by leveraging the power of bidirectional primers and molecular barcodes, or MBCs, from low nucleic acid input in tissue or blood. AMP chemistry is also flexible, so it can be used for applications in DNA, RNA, and ctDNA sequencing across most tumor type."	Bisulfite-Seq	Transcriptomic	other	ILLUMINA	Illumina MiSeq	genomic_info	dg.4DFC/840c7e9c-8900-4d1d-96667ce99c1e_128	dg.4DFC/840c7e9c-8900-4d1d-96667ce99c1e_128	51	307	65.9	161.44	Single-indexed
GRCh38	WXS Hybrid Selection paired-end	ChIA-PET	Genomic	Hybrid Selection	ILLUMINA	Illumina NovaSeq 6000	genomic_info	dg.4DFC/840c7e9c-8900-4d1d-96667ce99c1e_129	dg.4DFC/840c7e9c-8900-4d1d-96667ce99c1e_129	879	14	933.27	594.95	Paired-end
GRCh38	WXS Hybrid Selection paired-end	Tn-Seq	Genomic	Hybrid Selection	ILLUMINA	Illumina NovaSeq 6000	genomic_info	dg.4DFC/840c7e9c-8900-4d1d-96667ce99c1e_130	dg.4DFC/840c7e9c-8900-4d1d-96667ce99c1e_130	658	18	181.45	888.6	Paired-end
GRCh37	"Anchored Multiplex PCR (AMP(TM)) chemistry is purpose-built to accurately identify both simple and complex genetic mutations by leveraging the power of bidirectional primers and molecular barcodes, or MBCs, from low nucleic acid input in tissue or blood. AMP chemistry is also flexible, so it can be used for applications in DNA, RNA, and ctDNA sequencing across most tumor type."	EST	Transcriptomic	other	ILLUMINA	Illumina MiSeq	genomic_info	dg.4DFC/840c7e9c-8900-4d1d-96667ce99c1e_131	dg.4DFC/840c7e9c-8900-4d1d-96667ce99c1e_131	973	891	923.97	503.13	Paired-end
GRCh38	WXS Hybrid Selection paired-end	Tn-Seq	Genomic	Hybrid Selection	ILLUMINA	Illumina NovaSeq 6000	genomic_info	dg.4DFC/840c7e9c-8900-4d1d-96667ce99c1e_132	dg.4DFC/840c7e9c-8900-4d1d-96667ce99c1e_132	402	696	960.37	39.63	Single-indexed
GRCh38	WXS Hybrid Selection paired-end	POOLCLONE	Genomic	Hybrid Selection	ILLUMINA	Illumina NovaSeq 6000	genomic_info	dg.4DFC/840c7e9c-8900-4d1d-96667ce99c1e_133	dg.4DFC/840c7e9c-8900-4d1d-96667ce99c1e_133	123	603	486.44	202.72	Paired-end
GRCh38	WXS Hybrid Selection paired-end	miRNA-Seq	Genomic	Hybrid Selection	ILLUMINA	Illumina NovaSeq 6000	genomic_info	dg.4DFC/840c7e9c-8900-4d1d-96667ce99c1e_134	dg.4DFC/840c7e9c-8900-4d1d-96667ce99c1e_134	607	263	443.97	144.63	Single-end
GRCh38	WXS Hybrid Selection paired-end	FAIRE-seq	Genomic	Hybrid Selection	ILLUMINA	Illumina NovaSeq 6000	genomic_info	dg.4DFC/840c7e9c-8900-4d1d-96667ce99c1e_135	dg.4DFC/840c7e9c-8900-4d1d-96667ce99c1e_135	676	679	142.62	506.35	Single-indexed
GRCh37	"Anchored Multiplex PCR (AMP(TM)) chemistry is purpose-built to accurately identify both simple and complex genetic mutations by leveraging the power of bidirectional primers and molecular barcodes, or MBCs, from low nucleic acid input in tissue or blood. AMP chemistry is also flexible, so it can be used for applications in DNA, RNA, and ctDNA sequencing across most tumor type."	WGA	Transcriptomic	other	ILLUMINA	Illumina MiSeq	genomic_info	dg.4DFC/840c7e9c-8900-4d1d-96667ce99c1e_136	dg.4DFC/840c7e9c-8900-4d1d-96667ce99c1e_136	269	162	173.6	683.68	Paired-end
GRCh38	WXS Hybrid Selection paired-end	WCS	Genomic	Hybrid Selection	ILLUMINA	Illumina NovaSeq 6000	genomic_info	dg.4DFC/840c7e9c-8900-4d1d-96667ce99c1e_137	dg.4DFC/840c7e9c-8900-4d1d-96667ce99c1e_137	970	897	356.04	807.87	Paired-end
GRCh38	WXS Hybrid Selection paired-end	FL-cDNA	Genomic	Hybrid Selection	ILLUMINA	Illumina NovaSeq 6000	genomic_info	dg.4DFC/840c7e9c-8900-4d1d-96667ce99c1e_138	dg.4DFC/840c7e9c-8900-4d1d-96667ce99c1e_138	914	591	150.57	969.62	Single-indexed
GRCh37	"Anchored Multiplex PCR (AMP(TM)) chemistry is purpose-built to accurately identify both simple and complex genetic mutations by leveraging the power of bidirectional primers and molecular barcodes, or MBCs, from low nucleic acid input in tissue or blood. AMP chemistry is also flexible, so it can be used for applications in DNA, RNA, and ctDNA sequencing across most tumor type."	DNase-Hypersensitivity	Transcriptomic	other	ILLUMINA	Illumina MiSeq	genomic_info	dg.4DFC/840c7e9c-8900-4d1d-96667ce99c1e_139	dg.4DFC/840c7e9c-8900-4d1d-96667ce99c1e_139	872	74	270.96	396.3	Single-end
GRCh38	WXS Hybrid Selection paired-end	Targeted-Capture	Genomic	Hybrid Selection	ILLUMINA	Illumina NovaSeq 6000	genomic_info	dg.4DFC/840c7e9c-8900-4d1d-96667ce99c1e_140	dg.4DFC/840c7e9c-8900-4d1d-96667ce99c1e_140	811	233	498.04	38.3	Single-end
GRCh37	"Anchored Multiplex PCR (AMP(TM)) chemistry is purpose-built to accurately identify both simple and complex genetic mutations by leveraging the power of bidirectional primers and molecular barcodes, or MBCs, from low nucleic acid input in tissue or blood. AMP chemistry is also flexible, so it can be used for applications in DNA, RNA, and ctDNA sequencing across most tumor type."	RNA-Seq	Transcriptomic	other	ILLUMINA	Illumina MiSeq	genomic_info	dg.4DFC/840c7e9c-8900-4d1d-96667ce99c1e_141	dg.4DFC/840c7e9c-8900-4d1d-96667ce99c1e_141	512	743	561.22	707.52	Single-end
GRCh37	"Anchored Multiplex PCR (AMP(TM)) chemistry is purpose-built to accurately identify both simple and complex genetic mutations by leveraging the power of bidirectional primers and molecular barcodes, or MBCs, from low nucleic acid input in tissue or blood. AMP chemistry is also flexible, so it can be used for applications in DNA, RNA, and ctDNA sequencing across most tumor type."	SELEX	Transcriptomic	other	ILLUMINA	Illumina MiSeq	genomic_info	dg.4DFC/840c7e9c-8900-4d1d-96667ce99c1e_142	dg.4DFC/840c7e9c-8900-4d1d-96667ce99c1e_142	948	321	469.67	912.02	Single-indexed
GRCh37	"Anchored Multiplex PCR (AMP(TM)) chemistry is purpose-built to accurately identify both simple and complex genetic mutations by leveraging the power of bidirectional primers and molecular barcodes, or MBCs, from low nucleic acid input in tissue or blood. AMP chemistry is also flexible, so it can be used for applications in DNA, RNA, and ctDNA sequencing across most tumor type."	FL-cDNA	Transcriptomic	other	ILLUMINA	Illumina MiSeq	genomic_info	dg.4DFC/840c7e9c-8900-4d1d-96667ce99c1e_143	dg.4DFC/840c7e9c-8900-4d1d-96667ce99c1e_143	811	978	647.31	114.03	Single-indexed
GRCh37	"Anchored Multiplex PCR (AMP(TM)) chemistry is purpose-built to accurately identify both simple and complex genetic mutations by leveraging the power of bidirectional primers and molecular barcodes, or MBCs, from low nucleic acid input in tissue or blood. AMP chemistry is also flexible, so it can be used for applications in DNA, RNA, and ctDNA sequencing across most tumor type."	RIP-Seq	Transcriptomic	other	ILLUMINA	Illumina MiSeq	genomic_info	dg.4DFC/840c7e9c-8900-4d1d-96667ce99c1e_144	dg.4DFC/840c7e9c-8900-4d1d-96667ce99c1e_144	519	689	153.87	615.57	Paired-end
GRCh38	WXS Hybrid Selection paired-end	EST	Genomic	Hybrid Selection	ILLUMINA	Illumina NovaSeq 6000	genomic_info	dg.4DFC/840c7e9c-8900-4d1d-96667ce99c1e_145	dg.4DFC/840c7e9c-8900-4d1d-96667ce99c1e_145	690	765	987.31	689.05	Single-end
GRCh38	WXS Hybrid Selection paired-end	MRE-Seq	Genomic	Hybrid Selection	ILLUMINA	Illumina NovaSeq 6000	genomic_info	dg.4DFC/840c7e9c-8900-4d1d-96667ce99c1e_146	dg.4DFC/840c7e9c-8900-4d1d-96667ce99c1e_146	482	394	586.43	253.61	Single-end
GRCh38	WXS Hybrid Selection paired-end	Hi-C	Genomic	Hybrid Selection	ILLUMINA	Illumina NovaSeq 6000	genomic_info	dg.4DFC/840c7e9c-8900-4d1d-96667ce99c1e_147	dg.4DFC/840c7e9c-8900-4d1d-96667ce99c1e_147	621	410	306.97	990.68	Single-indexed
GRCh38	WXS Hybrid Selection paired-end	WXS	Genomic	Hybrid Selection	ILLUMINA	Illumina NovaSeq 6000	genomic_info	dg.4DFC/840c7e9c-8900-4d1d-96667ce99c1e_148	dg.4DFC/840c7e9c-8900-4d1d-96667ce99c1e_148	320	834	208.34	735.5	Paired-end
GRCh38	WXS Hybrid Selection paired-end	ncRNA-Seq	Genomic	Hybrid Selection	ILLUMINA	Illumina NovaSeq 6000	genomic_info	dg.4DFC/840c7e9c-8900-4d1d-96667ce99c1e_149	dg.4DFC/840c7e9c-8900-4d1d-96667ce99c1e_149	539	266	287.95	626.21	Single-indexed
GRCh37	"Anchored Multiplex PCR (AMP(TM)) chemistry is purpose-built to accurately identify both simple and complex genetic mutations by leveraging the power of bidirectional primers and molecular barcodes, or MBCs, from low nucleic acid input in tissue or blood. AMP chemistry is also flexible, so it can be used for applications in DNA, RNA, and ctDNA sequencing across most tumor type."	FINISHING	Transcriptomic	other	ILLUMINA	Illumina MiSeq	genomic_info	dg.4DFC/840c7e9c-8900-4d1d-96667ce99c1e_150	dg.4DFC/840c7e9c-8900-4d1d-96667ce99c1e_150	928	625	369.45	74.94	Paired-end
GRCh38	WXS Hybrid Selection paired-end	ssRNA-seq	Genomic	Hybrid Selection	ILLUMINA	Illumina NovaSeq 6000	genomic_info	dg.4DFC/840c7e9c-8900-4d1d-96667ce99c1e_151	dg.4DFC/840c7e9c-8900-4d1d-96667ce99c1e_151	263	620	207.42	937.42	Single-end
GRCh37	"Anchored Multiplex PCR (AMP(TM)) chemistry is purpose-built to accurately identify both simple and complex genetic mutations by leveraging the power of bidirectional primers and molecular barcodes, or MBCs, from low nucleic acid input in tissue or blood. AMP chemistry is also flexible, so it can be used for applications in DNA, RNA, and ctDNA sequencing across most tumor type."	Targeted-Capture	Transcriptomic	other	ILLUMINA	Illumina MiSeq	genomic_info	dg.4DFC/840c7e9c-8900-4d1d-96667ce99c1e_152	dg.4DFC/840c7e9c-8900-4d1d-96667ce99c1e_152	684	792	471.06	838.39	Single-end
GRCh38	WXS Hybrid Selection paired-end	FAIRE-seq	Genomic	Hybrid Selection	ILLUMINA	Illumina NovaSeq 6000	genomic_info	dg.4DFC/840c7e9c-8900-4d1d-96667ce99c1e_153	dg.4DFC/840c7e9c-8900-4d1d-96667ce99c1e_153	709	448	375.84	471.27	Single-end
GRCh37	"Anchored Multiplex PCR (AMP(TM)) chemistry is purpose-built to accurately identify both simple and complex genetic mutations by leveraging the power of bidirectional primers and molecular barcodes, or MBCs, from low nucleic acid input in tissue or blood. AMP chemistry is also flexible, so it can be used for applications in DNA, RNA, and ctDNA sequencing across most tumor type."	ATAC-seq	Transcriptomic	other	ILLUMINA	Illumina MiSeq	genomic_info	dg.4DFC/840c7e9c-8900-4d1d-96667ce99c1e_154	dg.4DFC/840c7e9c-8900-4d1d-96667ce99c1e_154	375	409	824.12	475.1	Paired-end
GRCh38	WXS Hybrid Selection paired-end	ChIA-PET	Genomic	Hybrid Selection	ILLUMINA	Illumina NovaSeq 6000	genomic_info	dg.4DFC/840c7e9c-8900-4d1d-96667ce99c1e_155	dg.4DFC/840c7e9c-8900-4d1d-96667ce99c1e_155	19	65	157.3	342.92	Paired-end
GRCh37	"Anchored Multiplex PCR (AMP(TM)) chemistry is purpose-built to accurately identify both simple and complex genetic mutations by leveraging the power of bidirectional primers and molecular barcodes, or MBCs, from low nucleic acid input in tissue or blood. AMP chemistry is also flexible, so it can be used for applications in DNA, RNA, and ctDNA sequencing across most tumor type."	Bisulfite-Seq	Transcriptomic	other	ILLUMINA	Illumina MiSeq	genomic_info	dg.4DFC/840c7e9c-8900-4d1d-96667ce99c1e_156	dg.4DFC/840c7e9c-8900-4d1d-96667ce99c1e_156	48	987	453.12	595.15	Single-end
GRCh38	WXS Hybrid Selection paired-end	ChIA-PET	Genomic	Hybrid Selection	ILLUMINA	Illumina NovaSeq 6000	genomic_info	dg.4DFC/840c7e9c-8900-4d1d-96667ce99c1e_157	dg.4DFC/840c7e9c-8900-4d1d-96667ce99c1e_157	408	676	382.08	532.61	Single-indexed
GRCh37	"Anchored Multiplex PCR (AMP(TM)) chemistry is purpose-built to accurately identify both simple and complex genetic mutations by leveraging the power of bidirectional primers and molecular barcodes, or MBCs, from low nucleic acid input in tissue or blood. AMP chemistry is also flexible, so it can be used for applications in DNA, RNA, and ctDNA sequencing across most tumor type."	FAIRE-seq	Transcriptomic	other	ILLUMINA	Illumina MiSeq	genomic_info	dg.4DFC/840c7e9c-8900-4d1d-96667ce99c1e_158	dg.4DFC/840c7e9c-8900-4d1d-96667ce99c1e_158	318	313	450.72	620.97	Paired-end
GRCh37	"Anchored Multiplex PCR (AMP(TM)) chemistry is purpose-built to accurately identify both simple and complex genetic mutations by leveraging the power of bidirectional primers and molecular barcodes, or MBCs, from low nucleic acid input in tissue or blood. AMP chemistry is also flexible, so it can be used for applications in DNA, RNA, and ctDNA sequencing across most tumor type."	MeDIP-Seq	Transcriptomic	other	ILLUMINA	Illumina MiSeq	genomic_info	dg.4DFC/840c7e9c-8900-4d1d-96667ce99c1e_159	dg.4DFC/840c7e9c-8900-4d1d-96667ce99c1e_159	833	752	954.23	832.82	Single-end
GRCh37	"Anchored Multiplex PCR (AMP(TM)) chemistry is purpose-built to accurately identify both simple and complex genetic mutations by leveraging the power of bidirectional primers and molecular barcodes, or MBCs, from low nucleic acid input in tissue or blood. AMP chemistry is also flexible, so it can be used for applications in DNA, RNA, and ctDNA sequencing across most tumor type."	AMPLICON	Transcriptomic	other	ILLUMINA	Illumina MiSeq	genomic_info	dg.4DFC/840c7e9c-8900-4d1d-96667ce99c1e_160	dg.4DFC/840c7e9c-8900-4d1d-96667ce99c1e_160	276	447	249.09	660.72	Single-indexed
GRCh37	"Anchored Multiplex PCR (AMP(TM)) chemistry is purpose-built to accurately identify both simple and complex genetic mutations by leveraging the power of bidirectional primers and molecular barcodes, or MBCs, from low nucleic acid input in tissue or blood. AMP chemistry is also flexible, so it can be used for applications in DNA, RNA, and ctDNA sequencing across most tumor type."	EST	Transcriptomic	other	ILLUMINA	Illumina MiSeq	genomic_info	dg.4DFC/840c7e9c-8900-4d1d-96667ce99c1e_161	dg.4DFC/840c7e9c-8900-4d1d-96667ce99c1e_161	527	291	547.09	653.07	Paired-end
GRCh37	"Anchored Multiplex PCR (AMP(TM)) chemistry is purpose-built to accurately identify both simple and complex genetic mutations by leveraging the power of bidirectional primers and molecular barcodes, or MBCs, from low nucleic acid input in tissue or blood. AMP chemistry is also flexible, so it can be used for applications in DNA, RNA, and ctDNA sequencing across most tumor type."	FAIRE-seq	Transcriptomic	other	ILLUMINA	Illumina MiSeq	genomic_info	dg.4DFC/840c7e9c-8900-4d1d-96667ce99c1e_162	dg.4DFC/840c7e9c-8900-4d1d-96667ce99c1e_162	963	73	236.29	30.63	Single-indexed
GRCh37	"Anchored Multiplex PCR (AMP(TM)) chemistry is purpose-built to accurately identify both simple and complex genetic mutations by leveraging the power of bidirectional primers and molecular barcodes, or MBCs, from low nucleic acid input in tissue or blood. AMP chemistry is also flexible, so it can be used for applications in DNA, RNA, and ctDNA sequencing across most tumor type."	ATAC-seq	Transcriptomic	other	ILLUMINA	Illumina MiSeq	genomic_info	dg.4DFC/840c7e9c-8900-4d1d-96667ce99c1e_163	dg.4DFC/840c7e9c-8900-4d1d-96667ce99c1e_163	466	921	564.3	364.5	Paired-end
GRCh38	WXS Hybrid Selection paired-end	SELEX	Genomic	Hybrid Selection	ILLUMINA	Illumina NovaSeq 6000	genomic_info	dg.4DFC/840c7e9c-8900-4d1d-96667ce99c1e_164	dg.4DFC/840c7e9c-8900-4d1d-96667ce99c1e_164	885	409	443.35	453.98	Single-end
GRCh38	WXS Hybrid Selection paired-end	FINISHING	Genomic	Hybrid Selection	ILLUMINA	Illumina NovaSeq 6000	genomic_info	dg.4DFC/840c7e9c-8900-4d1d-96667ce99c1e_165	dg.4DFC/840c7e9c-8900-4d1d-96667ce99c1e_165	598	11	987.85	164.39	Single-indexed
GRCh38	WXS Hybrid Selection paired-end	ssRNA-seq	Genomic	Hybrid Selection	ILLUMINA	Illumina NovaSeq 6000	genomic_info	dg.4DFC/840c7e9c-8900-4d1d-96667ce99c1e_166	dg.4DFC/840c7e9c-8900-4d1d-96667ce99c1e_166	679	622	381.56	69.72	Single-end
GRCh37	"Anchored Multiplex PCR (AMP(TM)) chemistry is purpose-built to accurately identify both simple and complex genetic mutations by leveraging the power of bidirectional primers and molecular barcodes, or MBCs, from low nucleic acid input in tissue or blood. AMP chemistry is also flexible, so it can be used for applications in DNA, RNA, and ctDNA sequencing across most tumor type."	POOLCLONE	Transcriptomic	other	ILLUMINA	Illumina MiSeq	genomic_info	dg.4DFC/840c7e9c-8900-4d1d-96667ce99c1e_167	dg.4DFC/840c7e9c-8900-4d1d-96667ce99c1e_167	912	590	886.68	722.53	Single-indexed
GRCh38	WXS Hybrid Selection paired-end	RAD-Seq	Genomic	Hybrid Selection	ILLUMINA	Illumina NovaSeq 6000	genomic_info	dg.4DFC/840c7e9c-8900-4d1d-96667ce99c1e_168	dg.4DFC/840c7e9c-8900-4d1d-96667ce99c1e_168	315	494	250.98	451.94	Single-end
GRCh37	"Anchored Multiplex PCR (AMP(TM)) chemistry is purpose-built to accurately identify both simple and complex genetic mutations by leveraging the power of bidirectional primers and molecular barcodes, or MBCs, from low nucleic acid input in tissue or blood. AMP chemistry is also flexible, so it can be used for applications in DNA, RNA, and ctDNA sequencing across most tumor type."	ChIA-PET	Transcriptomic	other	ILLUMINA	Illumina MiSeq	genomic_info	dg.4DFC/840c7e9c-8900-4d1d-96667ce99c1e_169	dg.4DFC/840c7e9c-8900-4d1d-96667ce99c1e_169	760	836	791.89	576.28	Single-end
GRCh37	"Anchored Multiplex PCR (AMP(TM)) chemistry is purpose-built to accurately identify both simple and complex genetic mutations by leveraging the power of bidirectional primers and molecular barcodes, or MBCs, from low nucleic acid input in tissue or blood. AMP chemistry is also flexible, so it can be used for applications in DNA, RNA, and ctDNA sequencing across most tumor type."	Tn-Seq	Transcriptomic	other	ILLUMINA	Illumina MiSeq	genomic_info	dg.4DFC/840c7e9c-8900-4d1d-96667ce99c1e_170	dg.4DFC/840c7e9c-8900-4d1d-96667ce99c1e_170	324	880	372.89	66.3	Single-indexed
GRCh37	"Anchored Multiplex PCR (AMP(TM)) chemistry is purpose-built to accurately identify both simple and complex genetic mutations by leveraging the power of bidirectional primers and molecular barcodes, or MBCs, from low nucleic acid input in tissue or blood. AMP chemistry is also flexible, so it can be used for applications in DNA, RNA, and ctDNA sequencing across most tumor type."	RIP-Seq	Transcriptomic	other	ILLUMINA	Illumina MiSeq	genomic_info	dg.4DFC/840c7e9c-8900-4d1d-96667ce99c1e_171	dg.4DFC/840c7e9c-8900-4d1d-96667ce99c1e_171	214	106	584.49	998.15	Single-indexed
GRCh38	WXS Hybrid Selection paired-end	Tethered Chromatin Conformation Capture	Genomic	Hybrid Selection	ILLUMINA	Illumina NovaSeq 6000	genomic_info	dg.4DFC/840c7e9c-8900-4d1d-96667ce99c1e_172	dg.4DFC/840c7e9c-8900-4d1d-96667ce99c1e_172	214	922	920.06	111.57	Single-end
GRCh38	WXS Hybrid Selection paired-end	MNase-Seq	Genomic	Hybrid Selection	ILLUMINA	Illumina NovaSeq 6000	genomic_info	dg.4DFC/840c7e9c-8900-4d1d-96667ce99c1e_173	dg.4DFC/840c7e9c-8900-4d1d-96667ce99c1e_173	951	420	76.23	381.34	Paired-end
GRCh38	WXS Hybrid Selection paired-end	WXS	Genomic	Hybrid Selection	ILLUMINA	Illumina NovaSeq 6000	genomic_info	dg.4DFC/840c7e9c-8900-4d1d-96667ce99c1e_174	dg.4DFC/840c7e9c-8900-4d1d-96667ce99c1e_174	148	394	707.25	597.29	Single-indexed
GRCh38	WXS Hybrid Selection paired-end	WCS	Genomic	Hybrid Selection	ILLUMINA	Illumina NovaSeq 6000	genomic_info	dg.4DFC/840c7e9c-8900-4d1d-96667ce99c1e_175	dg.4DFC/840c7e9c-8900-4d1d-96667ce99c1e_175	658	655	674.85	378.04	Paired-end
GRCh38	WXS Hybrid Selection paired-end	WGA	Genomic	Hybrid Selection	ILLUMINA	Illumina NovaSeq 6000	genomic_info	dg.4DFC/840c7e9c-8900-4d1d-96667ce99c1e_176	dg.4DFC/840c7e9c-8900-4d1d-96667ce99c1e_176	343	983	980.8	221.07	Paired-end
GRCh37	"Anchored Multiplex PCR (AMP(TM)) chemistry is purpose-built to accurately identify both simple and complex genetic mutations by leveraging the power of bidirectional primers and molecular barcodes, or MBCs, from low nucleic acid input in tissue or blood. AMP chemistry is also flexible, so it can be used for applications in DNA, RNA, and ctDNA sequencing across most tumor type."	EST	Transcriptomic	other	ILLUMINA	Illumina MiSeq	genomic_info	dg.4DFC/840c7e9c-8900-4d1d-96667ce99c1e_177	dg.4DFC/840c7e9c-8900-4d1d-96667ce99c1e_177	694	230	714.18	734.82	Paired-end
GRCh38	WXS Hybrid Selection paired-end	DNase-Hypersensitivity	Genomic	Hybrid Selection	ILLUMINA	Illumina NovaSeq 6000	genomic_info	dg.4DFC/840c7e9c-8900-4d1d-96667ce99c1e_178	dg.4DFC/840c7e9c-8900-4d1d-96667ce99c1e_178	470	19	679.53	154.72	Paired-end
GRCh37	"Anchored Multiplex PCR (AMP(TM)) chemistry is purpose-built to accurately identify both simple and complex genetic mutations by leveraging the power of bidirectional primers and molecular barcodes, or MBCs, from low nucleic acid input in tissue or blood. AMP chemistry is also flexible, so it can be used for applications in DNA, RNA, and ctDNA sequencing across most tumor type."	Bisulfite-Seq	Transcriptomic	other	ILLUMINA	Illumina MiSeq	genomic_info	dg.4DFC/840c7e9c-8900-4d1d-96667ce99c1e_179	dg.4DFC/840c7e9c-8900-4d1d-96667ce99c1e_179	941	377	555.84	483.38	Paired-end
GRCh37	"Anchored Multiplex PCR (AMP(TM)) chemistry is purpose-built to accurately identify both simple and complex genetic mutations by leveraging the power of bidirectional primers and molecular barcodes, or MBCs, from low nucleic acid input in tissue or blood. AMP chemistry is also flexible, so it can be used for applications in DNA, RNA, and ctDNA sequencing across most tumor type."	RNA-Seq	Transcriptomic	other	ILLUMINA	Illumina MiSeq	genomic_info	dg.4DFC/840c7e9c-8900-4d1d-96667ce99c1e_180	dg.4DFC/840c7e9c-8900-4d1d-96667ce99c1e_180	517	776	19.47	922.92	Single-indexed
GRCh37	"Anchored Multiplex PCR (AMP(TM)) chemistry is purpose-built to accurately identify both simple and complex genetic mutations by leveraging the power of bidirectional primers and molecular barcodes, or MBCs, from low nucleic acid input in tissue or blood. AMP chemistry is also flexible, so it can be used for applications in DNA, RNA, and ctDNA sequencing across most tumor type."	Bisulfite-Seq	Transcriptomic	other	ILLUMINA	Illumina MiSeq	genomic_info	dg.4DFC/840c7e9c-8900-4d1d-96667ce99c1e_181	dg.4DFC/840c7e9c-8900-4d1d-96667ce99c1e_181	435	10	510.09	117.37	Single-end
GRCh38	WXS Hybrid Selection paired-end	CTS	Genomic	Hybrid Selection	ILLUMINA	Illumina NovaSeq 6000	genomic_info	dg.4DFC/840c7e9c-8900-4d1d-96667ce99c1e_182	dg.4DFC/840c7e9c-8900-4d1d-96667ce99c1e_182	381	108	684.26	562.56	Paired-end
GRCh38	WXS Hybrid Selection paired-end	FL-cDNA	Genomic	Hybrid Selection	ILLUMINA	Illumina NovaSeq 6000	genomic_info	dg.4DFC/840c7e9c-8900-4d1d-96667ce99c1e_183	dg.4DFC/840c7e9c-8900-4d1d-96667ce99c1e_183	221	255	402.89	563.26	Single-indexed
GRCh38	WXS Hybrid Selection paired-end	FAIRE-seq	Genomic	Hybrid Selection	ILLUMINA	Illumina NovaSeq 6000	genomic_info	dg.4DFC/840c7e9c-8900-4d1d-96667ce99c1e_184	dg.4DFC/840c7e9c-8900-4d1d-96667ce99c1e_184	450	504	596.56	749.81	Single-indexed
GRCh38	WXS Hybrid Selection paired-end	FL-cDNA	Genomic	Hybrid Selection	ILLUMINA	Illumina NovaSeq 6000	genomic_info	dg.4DFC/840c7e9c-8900-4d1d-96667ce99c1e_185	dg.4DFC/840c7e9c-8900-4d1d-96667ce99c1e_185	526	512	141.64	982.02	Single-end
GRCh37	"Anchored Multiplex PCR (AMP(TM)) chemistry is purpose-built to accurately identify both simple and complex genetic mutations by leveraging the power of bidirectional primers and molecular barcodes, or MBCs, from low nucleic acid input in tissue or blood. AMP chemistry is also flexible, so it can be used for applications in DNA, RNA, and ctDNA sequencing across most tumor type."	CLONEEND	Transcriptomic	other	ILLUMINA	Illumina MiSeq	genomic_info	dg.4DFC/840c7e9c-8900-4d1d-96667ce99c1e_186	dg.4DFC/840c7e9c-8900-4d1d-96667ce99c1e_186	984	482	823.54	858.65	Single-end
GRCh37	"Anchored Multiplex PCR (AMP(TM)) chemistry is purpose-built to accurately identify both simple and complex genetic mutations by leveraging the power of bidirectional primers and molecular barcodes, or MBCs, from low nucleic acid input in tissue or blood. AMP chemistry is also flexible, so it can be used for applications in DNA, RNA, and ctDNA sequencing across most tumor type."	Synthetic-Long-Read	Transcriptomic	other	ILLUMINA	Illumina MiSeq	genomic_info	dg.4DFC/840c7e9c-8900-4d1d-96667ce99c1e_187	dg.4DFC/840c7e9c-8900-4d1d-96667ce99c1e_187	247	262	161.96	363.52	Paired-end
GRCh38	WXS Hybrid Selection paired-end	Tethered Chromatin Conformation Capture	Genomic	Hybrid Selection	ILLUMINA	Illumina NovaSeq 6000	genomic_info	dg.4DFC/840c7e9c-8900-4d1d-96667ce99c1e_188	dg.4DFC/840c7e9c-8900-4d1d-96667ce99c1e_188	513	778	694.83	154.15	Paired-end
GRCh37	"Anchored Multiplex PCR (AMP(TM)) chemistry is purpose-built to accurately identify both simple and complex genetic mutations by leveraging the power of bidirectional primers and molecular barcodes, or MBCs, from low nucleic acid input in tissue or blood. AMP chemistry is also flexible, so it can be used for applications in DNA, RNA, and ctDNA sequencing across most tumor type."	CLONE	Transcriptomic	other	ILLUMINA	Illumina MiSeq	genomic_info	dg.4DFC/840c7e9c-8900-4d1d-96667ce99c1e_189	dg.4DFC/840c7e9c-8900-4d1d-96667ce99c1e_189	512	572	228.49	920.36	Single-end
GRCh37	"Anchored Multiplex PCR (AMP(TM)) chemistry is purpose-built to accurately identify both simple and complex genetic mutations by leveraging the power of bidirectional primers and molecular barcodes, or MBCs, from low nucleic acid input in tissue or blood. AMP chemistry is also flexible, so it can be used for applications in DNA, RNA, and ctDNA sequencing across most tumor type."	CLONE	Transcriptomic	other	ILLUMINA	Illumina MiSeq	genomic_info	dg.4DFC/840c7e9c-8900-4d1d-96667ce99c1e_190	dg.4DFC/840c7e9c-8900-4d1d-96667ce99c1e_190	216	802	317.75	871.3	Single-end
GRCh37	"Anchored Multiplex PCR (AMP(TM)) chemistry is purpose-built to accurately identify both simple and complex genetic mutations by leveraging the power of bidirectional primers and molecular barcodes, or MBCs, from low nucleic acid input in tissue or blood. AMP chemistry is also flexible, so it can be used for applications in DNA, RNA, and ctDNA sequencing across most tumor type."	Bisulfite-Seq	Transcriptomic	other	ILLUMINA	Illumina MiSeq	genomic_info	dg.4DFC/840c7e9c-8900-4d1d-96667ce99c1e_191	dg.4DFC/840c7e9c-8900-4d1d-96667ce99c1e_191	993	189	208.94	695.76	Single-end
GRCh38	WXS Hybrid Selection paired-end	AMPLICON	Genomic	Hybrid Selection	ILLUMINA	Illumina NovaSeq 6000	genomic_info	dg.4DFC/840c7e9c-8900-4d1d-96667ce99c1e_192	dg.4DFC/840c7e9c-8900-4d1d-96667ce99c1e_192	552	579	762.19	777.43	Single-end
GRCh38	WXS Hybrid Selection paired-end	ChIP-Seq	Genomic	Hybrid Selection	ILLUMINA	Illumina NovaSeq 6000	genomic_info	dg.4DFC/840c7e9c-8900-4d1d-96667ce99c1e_193	dg.4DFC/840c7e9c-8900-4d1d-96667ce99c1e_193	327	807	872.23	760.97	Paired-end
GRCh37	"Anchored Multiplex PCR (AMP(TM)) chemistry is purpose-built to accurately identify both simple and complex genetic mutations by leveraging the power of bidirectional primers and molecular barcodes, or MBCs, from low nucleic acid input in tissue or blood. AMP chemistry is also flexible, so it can be used for applications in DNA, RNA, and ctDNA sequencing across most tumor type."	MNase-Seq	Transcriptomic	other	ILLUMINA	Illumina MiSeq	genomic_info	dg.4DFC/840c7e9c-8900-4d1d-96667ce99c1e_194	dg.4DFC/840c7e9c-8900-4d1d-96667ce99c1e_194	934	893	576.73	875.4	Single-end
GRCh37	"Anchored Multiplex PCR (AMP(TM)) chemistry is purpose-built to accurately identify both simple and complex genetic mutations by leveraging the power of bidirectional primers and molecular barcodes, or MBCs, from low nucleic acid input in tissue or blood. AMP chemistry is also flexible, so it can be used for applications in DNA, RNA, and ctDNA sequencing across most tumor type."	WXS	Transcriptomic	other	ILLUMINA	Illumina MiSeq	genomic_info	dg.4DFC/840c7e9c-8900-4d1d-96667ce99c1e_195	dg.4DFC/840c7e9c-8900-4d1d-96667ce99c1e_195	310	874	294.66	883.09	Single-indexed
GRCh37	"Anchored Multiplex PCR (AMP(TM)) chemistry is purpose-built to accurately identify both simple and complex genetic mutations by leveraging the power of bidirectional primers and molecular barcodes, or MBCs, from low nucleic acid input in tissue or blood. AMP chemistry is also flexible, so it can be used for applications in DNA, RNA, and ctDNA sequencing across most tumor type."	MNase-Seq	Transcriptomic	other	ILLUMINA	Illumina MiSeq	genomic_info	dg.4DFC/840c7e9c-8900-4d1d-96667ce99c1e_196	dg.4DFC/840c7e9c-8900-4d1d-96667ce99c1e_196	154	327	770.54	376.87	Single-indexed
GRCh37	"Anchored Multiplex PCR (AMP(TM)) chemistry is purpose-built to accurately identify both simple and complex genetic mutations by leveraging the power of bidirectional primers and molecular barcodes, or MBCs, from low nucleic acid input in tissue or blood. AMP chemistry is also flexible, so it can be used for applications in DNA, RNA, and ctDNA sequencing across most tumor type."	AMPLICON	Transcriptomic	other	ILLUMINA	Illumina MiSeq	genomic_info	dg.4DFC/840c7e9c-8900-4d1d-96667ce99c1e_197	dg.4DFC/840c7e9c-8900-4d1d-96667ce99c1e_197	561	304	743.99	963.47	Single-end
GRCh37	"Anchored Multiplex PCR (AMP(TM)) chemistry is purpose-built to accurately identify both simple and complex genetic mutations by leveraging the power of bidirectional primers and molecular barcodes, or MBCs, from low nucleic acid input in tissue or blood. AMP chemistry is also flexible, so it can be used for applications in DNA, RNA, and ctDNA sequencing across most tumor type."	CTS	Transcriptomic	other	ILLUMINA	Illumina MiSeq	genomic_info	dg.4DFC/840c7e9c-8900-4d1d-96667ce99c1e_198	dg.4DFC/840c7e9c-8900-4d1d-96667ce99c1e_198	92	770	667.55	441.85	Paired-end
GRCh38	WXS Hybrid Selection paired-end	MRE-Seq	Genomic	Hybrid Selection	ILLUMINA	Illumina NovaSeq 6000	genomic_info	dg.4DFC/840c7e9c-8900-4d1d-96667ce99c1e_199	dg.4DFC/840c7e9c-8900-4d1d-96667ce99c1e_199	34	666	561.57	145.73	Paired-end
GRCh38	WXS Hybrid Selection paired-end	Tethered Chromatin Conformation Capture	Genomic	Hybrid Selection	ILLUMINA	Illumina NovaSeq 6000	genomic_info	dg.4DFC/840c7e9c-8900-4d1d-96667ce99c1e_200	dg.4DFC/840c7e9c-8900-4d1d-96667ce99c1e_200	333	361	728.73	638.26	Single-end