type	cytogenomic_file_id	file_name	data_category	file_type	file_description	file_size	md5sum	file_mapping_level	file_access	acl	authz	file_url	dcf_indexd_guid	cytogenomic_platform	crdc_id	id	sample.id
cytogenomic_file	abrasive_therapeutic_58	handsomely_disgusted_9	Methylation Array;Sequencing	victorious_quickest_54	understood_volatile_74	759580	9c57224fa9c3113c116a0469483a62b3	Sample	Controlled	['childlike_subsequent_2']	['/programs/childlike_subsequent_2']	s3://rightful_resonant_36	dg.4DFC/f5d28355-5393-4ef1-8b91-0d8a9f4f5787	abundant_obsolete_10	picayune_righteous_26	2b85d692-9505-523e-b846-30ff30b52f99	7aa0896f-37ca-5a49-975e-8a4fbda064cd
cytogenomic_file	annoying_homeless_36	penitent_accessible_52	IGM Clinical Sequence;Structural Variation	idat	steadfast_incompetent_36	494544	4d57c5a6e910290732d7e3f2840f2cf3	Participant	Controlled	['childlike_subsequent_2']	['/programs/childlike_subsequent_2']	s3://threatening_sparkling_79	dg.4DFC/099ad4da-b460-455e-9769-1e80d8860a81	disillusioned_belligerent_69	outrageous_makeshift_36	fd01498a-984b-5c91-a5fb-32136d9642c6	d8621b5f-a8b5-50d7-af45-ac4308ecdaec
cytogenomic_file	selective_tiresome_34	doubtful_encouraging_76	Radiology Imaging	maf	belligerent_abhorrent_48	79863	353c5fcd5b8ca5d0d6b0a1eed5d1ad93	Study	Controlled	['childlike_subsequent_2']	['/programs/childlike_subsequent_2']	s3://quickest_inquisitive_46	dg.4DFC/d781b92f-3e30-48b6-9c2b-72eae7928f12	kindhearted_picayune_84	exultant_ordinary_37	ff95c8f4-2124-542d-9edf-1d350b9ae7bc	0e6a006e-dbf8-558e-aab3-70711d99fb93
cytogenomic_file	fortunate_educated_82	pleasant_energetic_30	alcoholic_guttural_86;Methylation Array;Radiology Imaging	dict	possessive_uncovered_61	728617	b74a50b8bae303c84baea93a6b8ea490	Study	Controlled	['childlike_subsequent_2']	['/programs/childlike_subsequent_2']	s3://talented_scandalous_83	dg.4DFC/032938ee-afbb-4d42-acdf-be49f2d412cf	concerned_didactic_21	impossible_knowledgeable_70	ce72ee41-5ecd-55f3-bd95-78baf3ff7031	fce4ff72-b7db-52f5-983c-ae8b2644977a
cytogenomic_file	ordinary_abrasive_45	damaging_thundering_39	Gene Expression;miniature_guttural_51	psychotic_invincible_67	arrogant_horrible_75	27233	2c66ddad120a2830f27fc221a2b7c2c9	Study	Controlled	['childlike_subsequent_2']	['/programs/childlike_subsequent_2']	s3://stereotyped_foregoing_49	dg.4DFC/be9a9aab-20c2-46e1-94b6-3f9445368505	internal_imperfect_65	determined_decisive_88	a9e38bcc-a478-5b55-8dcb-0a2c274d2485	b07271d8-2756-5b54-8de8-ec2f582495d8
cytogenomic_file	mysterious_yielding_67	wandering_overconfident_28	Simple Nucleotide Variation	gvcf	assorted_frightened_46	703547	68db5976ed62eac9424140496e4d43e4	Study	Open	['*']	['/open']	s3://absorbing_disillusioned_67	dg.4DFC/7099ad7d-af67-426a-a153-f3ce3d9be469	didactic_educated_96	imported_colorful_7	8a2fdf30-fbe2-53d4-8608-7b8ffd86e6ae	46aa41b6-da30-58f6-9fa8-0ebc18886900
cytogenomic_file	determined_accurate_11	truculent_confused_48	Pathology Imaging;Sequencing	fearless_unequaled_64	accidental_psychotic_85	588318	3723a43aa3b95427880cbe5ff8b268b9	Study	Controlled	['childlike_subsequent_2']	['/programs/childlike_subsequent_2']	s3://important_nostalgic_21	dg.4DFC/ad1fe7e6-9472-4f04-ac05-4fe732497dc9	unadvised_tasteless_3	distinct_grandiose_73	d0e260f8-d883-58bb-b306-85a7b42fbf08	4e03a346-43e5-5a5e-900e-ed6f0efc8001
cytogenomic_file	worthless_satisfying_77	makeshift_miniature_92	Tumor Normal Clinical Report	tangible_habitual_50	historical_charming_63	425394	ac3b6e376ad4fa78502b6cf7a396d2d1	Study	Controlled	['childlike_subsequent_2']	['/programs/childlike_subsequent_2']	s3://illustrious_overwrought_56	dg.4DFC/a7acaaef-3ab4-414a-b42a-549db0e2692c	thoughtless_aromatic_7	obedient_cultured_25	a6641891-1610-5351-96f0-3b198a2d4811	f2a0683c-4a89-5679-ad1d-9536931f970e
cytogenomic_file	credible_defeated_73	adhesive_capricious_13	Structural Variation	graceful_abundant_44	inexpensive_lamentable_72	90678	a6959f41435e0c3807e96116395354bf	Participant	Open	['*']	['/open']	s3://luxuriant_squealing_10	dg.4DFC/0e985882-e82c-4855-9354-8e086ef576dd	understood_wide-eyed_90	changeable_blue-eyed_55	eaced251-fae9-56f3-abb9-c2ffcf4f2e91	c770f22f-9fca-5f47-808c-0613f302b8b0
cytogenomic_file	majestic_tangible_7	grieving_ludicrous_45	IGM Clinical Report;Pathology Imaging	cram	overconfident_penitent_44	21123	89d2b6ffe453bb290df8189934da3669	Participant	Controlled	['childlike_subsequent_2']	['/programs/childlike_subsequent_2']	s3://disagreeable_makeshift_77	dg.4DFC/a01fb5b3-5785-4d16-9057-482616882c4f	deafening_impossible_7	adventurous_troubled_78	fa850d44-4e58-517b-af8a-9bbe65216992	f20a3325-9584-5d6f-b025-025221b68d4f
cytogenomic_file	boundless_ruthless_7	reflective_discreet_31	frightened_obedient_85;Sequencing	html	obsolete_wholesale_13	836411	2443b9d55e03241acaf34199d197a14e	Study	Open	['*']	['/open']	s3://fluttering_reflective_60	dg.4DFC/eab48c2b-d75c-45eb-a1cc-6706c3705927	different_gigantic_48	truculent_imaginary_19	19edea66-3831-52f1-84bd-000932d18459	a5f66eab-e8f1-50ca-854c-7c922b2de33d
cytogenomic_file	productive_difficult_53	cheerful_tangible_87	Gene Fusion Clinical Report;hypnotic_imperfect_10	fasta	acoustic_fortunate_60	957931	bae921d6e422546a4c4bc65c5a455779	Participant	Open	['*']	['/open']	s3://grandiose_reminiscent_42	dg.4DFC/8eb15db8-e691-4e1a-953c-ed1e790a848d	adjoining_charming_11	frightened_wasteful_66	134e9d49-991e-54c7-a5b2-b2b7183ebca9	7c377d3c-26b2-5b21-85ea-0abc66323687
cytogenomic_file	domineering_understood_30	permissible_abstracted_87	precious_dangerous_44;Radiology Imaging	excellent_miniature_23	imported_nebulous_45	957948	c116c71d3661bfed136fda2c51d5ec11	Study	Controlled	['childlike_subsequent_2']	['/programs/childlike_subsequent_2']	s3://charming_flagrant_10	dg.4DFC/f3a4aee9-1dfa-4597-bf9e-c65d05baa0d1	different_dramatic_15	different_obeisant_33	6e509708-0a14-57b9-bcda-a596641784d3	e43d9a5b-5d65-5d3e-9fe0-0ec802cb7eab
cytogenomic_file	incandescent_absorbed_9	flipped-out_disgusted_88	Gene Fusion Clinical Report;IGM Clinical Sequence	agonizing_unbecoming_68	inconclusive_blushing_90	581175	135363b3b55a5fd1de790afcecfabd53	Study	Open	['*']	['/open']	s3://fanatical_illustrious_54	dg.4DFC/ad2271e2-c5c4-4aba-bd19-2489dcbabae7	available_glorious_95	panoramic_horrible_0	1bdc5bde-464a-5fb1-bfa1-4f85820916e0	13c9feb1-31a1-5daa-9474-a8baef0380b4
cytogenomic_file	deafening_comfortable_88	unequaled_unbecoming_19	heartbreaking_productive_44;Pathology Imaging;Radiology Imaging	tasteless_impartial_98	glorious_arrogant_54	122841	e72f42f2ddaffb5018ca11e4ba139de1	Participant	Open	['*']	['/open']	s3://outstanding_domineering_18	dg.4DFC/aa5deffb-6caf-4d4d-a2a8-ce9227003b3c	ossified_helpless_57	productive_unequaled_24	d7ae2f40-81d6-5af8-880a-d3243466251a	7a8214ef-fc4d-521e-b8f6-024de16803da
cytogenomic_file	disgusted_permissible_35	noiseless_ambiguous_26	Gene Expression;IGM Clinical Sequence	vmu	divergent_boundless_21	255659	ac6bfd5e04871c1758d2bd7251a65247	Study	Controlled	['childlike_subsequent_2']	['/programs/childlike_subsequent_2']	s3://powerful_hysterical_62	dg.4DFC/843b55c1-8b49-476e-961b-c21ddb828b57	worthless_satisfying_0	entertaining_damaging_23	650f4893-fa48-58d3-bf50-6fa156b2978c	26efe0d1-c549-5769-90e2-1f5effa60298
cytogenomic_file	cultured_defeated_55	tiresome_magnificent_41	Copy Number Variation;Tumor Normal Clinical Report	auspicious_energetic_47	old-fashioned_obedient_20	548783	8b32350a99de0b530a5a13558db5ee58	Participant	Controlled	['childlike_subsequent_2']	['/programs/childlike_subsequent_2']	s3://malicious_periodic_16	dg.4DFC/1fbd9bec-016f-4c95-9995-a7415c05fbd9	pleasant_miscreant_68	deserted_victorious_29	de68c4b2-4634-5cb5-997b-e836427bdc9f	40f4626e-b3f5-59bf-acba-065365f39ba7
cytogenomic_file	shocking_unaccountable_96	thoughtful_possessive_32	Gene Expression;Tumor Normal Clinical Report	adorable_uninterested_8	obsolete_undesirable_4	535261	a664df0b9e717ea6887388f73f26e247	Participant	Open	['*']	['/open']	s3://encouraging_unbecoming_38	dg.4DFC/c6769da5-8bc1-44f2-96e9-ed80796ab06c	highfalutin_hallowed_16	sparkling_abnormal_29	64817b10-05d3-58a4-be02-e541927b7a7d	ca441fda-15e5-5007-9940-4324b4fa68f6
cytogenomic_file	imaginary_spotless_58	deranged_horrible_18	merciful_therapeutic_70;Simple Nucleotide Variation	enchanting_incompetent_46	outstanding_flippant_58	246312	f88c3221b8356d00dc0c7ba44a7e5b95	Sample	Controlled	['childlike_subsequent_2']	['/programs/childlike_subsequent_2']	s3://illustrious_cheerful_67	dg.4DFC/9d292f95-e1e9-4c20-b24d-f9f664f39816	penitent_fanatical_74	condemned_rebellious_38	78aaaa78-3eea-5dd8-b78a-93cb71f4a177	8bcc17ab-8adb-51a3-88b8-638beeeaa948
cytogenomic_file	protective_economic_3	dazzling_disillusioned_49	COG Clinical Report;Methylation Clinical Report	nostalgic_imaginary_87	productive_absorbing_63	383239	d84f9b61e470d43c26e7dd753ddf59e1	Sample	Open	['*']	['/open']	s3://coherent_helpless_30	dg.4DFC/ef93d2a8-0944-4384-8215-930acfdafe5b	majestic_disillusioned_92	knowledgeable_flipped-out_98	732e4193-b2b2-57f7-910f-428db81e6f5c	1b234066-960d-5923-8ad0-f2485ed4c291
