type	methylation_array_file_id	file_name	data_category	file_type	file_description	file_size	md5sum	file_mapping_level	file_access	acl	authz	file_url	dcf_indexd_guid	methylation_platform	reporter_label	crdc_id	id	sample.id
methylation_array_file	slippery_tiresome_58	momentous_accidental_34	dysfunctional_unbiased_70;IGM Clinical Report	dict	adjoining_standing_94	355329	9f3105221ff6fea74d570728a5926972	Sample	Controlled	['childlike_subsequent_2']	['/programs/childlike_subsequent_2']	s3://comfortable_dispensable_5	dg.4DFC/2d4e2741-fdff-4c47-8a5c-08ac7e8561de	grandiose_doubtful_3	inexpensive_cooperative_58	astonishing_glorious_67	8c212664-b0f4-592a-be84-4d8aacf85228	7aa0896f-37ca-5a49-975e-8a4fbda064cd
methylation_array_file	grandiose_tightfisted_78	expensive_periodic_40	incandescent_tasteless_18;Structural Variation	efficacious_gruesome_59	discreet_needless_51	150131	0d92c5661687e477c181f114bf698ddf	Study	Open	['*']	['/open']	s3://blue-eyed_deranged_72	dg.4DFC/0a50b0ba-209c-421f-b9b0-bf8ae2fd945f	ludicrous_motionless_31	delicious_boundless_46	gruesome_functional_80	b587a3e7-18bf-5aa8-ae29-6dd752e00e1c	d8621b5f-a8b5-50d7-af45-ac4308ecdaec
methylation_array_file	kindhearted_protective_11	pastoral_scientific_89	Radiology Imaging;Sequencing;wasteful_endurable_27	cram_index	wretched_frightened_44	579908	457612dfc13e4632df1366a36e3ac188	Participant	Controlled	['childlike_subsequent_2']	['/programs/childlike_subsequent_2']	s3://economic_astonishing_6	dg.4DFC/2a407f4f-81f8-415b-808a-14f4895343a3	imperfect_important_86	barbarous_imaginary_62	judicious_accessible_45	7fa549af-8ca4-5727-a0ab-7a0f6cbfa0a4	0e6a006e-dbf8-558e-aab3-70711d99fb93
methylation_array_file	relieved_honorable_53	makeshift_painstaking_38	IGM Clinical Sequence;panoramic_precious_28;Structural Variation	vms	doubtful_grotesque_35	418421	8235aa664a74fa9590cb1e8d0f23f747	Sample	Open	['*']	['/open']	s3://enchanting_imported_93	dg.4DFC/8d959585-6218-4e1a-83ad-b418f263f4a3	productive_habitual_44	colossal_lamentable_19	draconian_dangerous_17	001d5b21-38f2-5da6-84ca-5c5dffef74d3	fce4ff72-b7db-52f5-983c-ae8b2644977a
methylation_array_file	troubled_succinct_12	recondite_changeable_72	deranged_cheerful_28;Radiology Imaging;Simple Nucleotide Variation	fastq	forgetful_fantastic_28	569300	f815d6b8e3dc218ce524951b6dc3d16a	Sample	Open	['*']	['/open']	s3://heartbreaking_embarrassed_55	dg.4DFC/a2c1e67f-4e01-4680-bd27-bd5f0cde6373	abrasive_absorbing_33	venomous_protective_62	axiomatic_rhetorical_10	ffd5a43b-f175-5845-abb3-6850668d3cb8	b07271d8-2756-5b54-8de8-ec2f582495d8
methylation_array_file	straight_dysfunctional_18	gigantic_sweltering_63	confused_economic_92;Copy Number Variation;Gene Expression	vmu	incompetent_disagreeable_26	996853	f9c6c35f2dea61eb365d7d51dd18d8fe	Participant	Open	['*']	['/open']	s3://bewildered_succinct_26	dg.4DFC/4b1be6b9-463b-48ca-be3f-5e46439203c3	observant_handsomely_19	highfalutin_vengeful_31	splendid_childlike_93	08c02ae4-0bd2-5904-b52a-4ad826c70502	46aa41b6-da30-58f6-9fa8-0ebc18886900
methylation_array_file	unaccountable_motionless_48	thoughtful_workable_45	horrible_painstaking_69;Sequencing	ruthless_wonderful_46	woebegone_exclusive_31	903406	62ff6f81f6c051a6774087833cf0ead5	Sample	Open	['*']	['/open']	s3://satisfying_quarrelsome_96	dg.4DFC/cd9d0b8f-b3aa-4a79-a9cd-b35b6ffb9f5c	spiritual_encouraging_29	endurable_undesirable_91	freezing_nostalgic_82	9a9c7810-ff98-508c-a8f4-d68fcd00bc01	4e03a346-43e5-5a5e-900e-ed6f0efc8001
methylation_array_file	confused_gleaming_0	nonchalant_incompetent_46	Sequencing	fastq	gleaming_dangerous_54	914572	f9a1e18203f55b82ac2e08baab0700ed	Sample	Open	['*']	['/open']	s3://impartial_agreeable_37	dg.4DFC/521caf00-73f9-4dd1-8a03-3f4013f12050	evanescent_painstaking_8	forgetful_diligent_57	lamentable_successful_24	a297d7a6-b045-58a4-b417-67d008876252	f2a0683c-4a89-5679-ad1d-9536931f970e
methylation_array_file	earsplitting_teeny-tiny_49	incandescent_rambunctious_69	Radiology Imaging	csi	agreeable_deserted_95	189267	925d7c78ae1e20d9b5e6242b425aff8f	Participant	Controlled	['childlike_subsequent_2']	['/programs/childlike_subsequent_2']	s3://coherent_parsimonious_62	dg.4DFC/2a5fb510-3d51-4e1d-bb28-bb5a5a5a2a57	obeisant_plausible_89	ludicrous_inexpensive_52	wrathful_dysfunctional_99	3e2f827f-848c-5f87-bf87-9587a1cb76d6	c770f22f-9fca-5f47-808c-0613f302b8b0
methylation_array_file	symptomatic_internal_64	blue-eyed_flagrant_72	Pathology Imaging	seg	redundant_hypnotic_37	755228	b6360746dcead6beb8dfd73f6f9d159a	Participant	Open	['*']	['/open']	s3://flippant_makeshift_25	dg.4DFC/4493a887-d008-47f2-b58b-8edc5b19ebb9	hesitant_stimulating_11	overconfident_old-fashioned_41	yielding_belligerent_64	2f9ee271-a42c-50cd-ac27-73e9ae159db3	f20a3325-9584-5d6f-b025-025221b68d4f
methylation_array_file	glorious_breakable_5	venomous_distinct_73	Methylation Array;Structural Variation;unbiased_motionless_18	hypnotic_wrathful_0	malicious_volatile_98	864841	3ba11346e98e22189db7ed365ee445ba	Participant	Controlled	['childlike_subsequent_2']	['/programs/childlike_subsequent_2']	s3://venomous_thinkable_35	dg.4DFC/c2f415fa-0840-41da-ba41-2fb3ba957dd6	wrathful_dangerous_4	obedient_foregoing_80	bewildered_blushing_67	659a5a4c-8cbf-5e33-a731-9fcb45e7902b	a5f66eab-e8f1-50ca-854c-7c922b2de33d
methylation_array_file	obsolete_gleaming_43	peaceful_psychedelic_23	Methylation Array;psychedelic_laughable_76	tiff	whispering_powerful_90	331197	0c0f5deceb99d4c14da6a1d48dbc780b	Participant	Controlled	['childlike_subsequent_2']	['/programs/childlike_subsequent_2']	s3://illustrious_majestic_48	dg.4DFC/399cf106-5410-42a6-8e51-f6ab7a1bed4d	incompetent_observant_53	towering_yielding_30	defeated_educated_77	6b46683c-c437-5077-bd21-c09c77d0c92e	7c377d3c-26b2-5b21-85ea-0abc66323687
methylation_array_file	adjoining_acoustic_27	draconian_defective_34	Gene Expression	panoramic_enthusiastic_58	makeshift_shivering_15	968684	a23cc9ab31b5b2e475ae743af0691d7e	Study	Open	['*']	['/open']	s3://boundless_productive_67	dg.4DFC/d800acf6-55d6-4d9a-94dd-fd65cd970f39	doubtful_deafening_90	overwrought_selective_78	nondescript_threatening_19	78a19e30-38f8-5c91-b446-aa82cf0b92dd	e43d9a5b-5d65-5d3e-9fe0-0ec802cb7eab
methylation_array_file	obsequious_arrogant_4	inconclusive_terrible_75	agreeable_scattered_55;Clinical	xml	animated_uninterested_82	695858	1b740aa177f04ee75a4591719f0e9c6e	Sample	Open	['*']	['/open']	s3://abhorrent_wretched_56	dg.4DFC/4474ced9-9479-4b21-9715-162ed1c50478	obtainable_aboriginal_72	therapeutic_aspiring_20	teeny-tiny_tranquil_90	42b9185f-b183-5d6f-ba11-ac2b97aa8c64	13c9feb1-31a1-5daa-9474-a8baef0380b4
methylation_array_file	skillful_gleaming_9	apathetic_available_59	IGM Clinical Sequence;picayune_invincible_95	tsv	wretched_assorted_62	288457	35020fa7531c3095b2bb769de7159473	Study	Controlled	['childlike_subsequent_2']	['/programs/childlike_subsequent_2']	s3://gruesome_unequaled_22	dg.4DFC/9efba4f7-d5cf-4aeb-85ab-0f6d753ccafd	accidental_acoustic_62	gruesome_harmonious_2	nebulous_acceptable_52	3b5cd172-494c-542d-898f-7cbb7f2c3e46	7a8214ef-fc4d-521e-b8f6-024de16803da
methylation_array_file	noiseless_energetic_79	thoughtless_adorable_93	IGM Clinical Sequence;Methylation Clinical Report;snobbish_combative_85	idat	astonishing_accidental_39	459171	007ea836dae169edd0c2b14f268d7f05	Sample	Controlled	['childlike_subsequent_2']	['/programs/childlike_subsequent_2']	s3://abnormal_resolute_11	dg.4DFC/3bfdf9c1-bcc4-4f32-8260-830444828bac	likeable_acoustic_45	assorted_industrious_42	faithful_freezing_5	07f518df-cc1b-5b32-9055-daab2fbdf55e	26efe0d1-c549-5769-90e2-1f5effa60298
methylation_array_file	bewildered_makeshift_10	thoughtless_nonchalant_77	Structural Variation;thoughtful_thundering_74;Tumor Normal Clinical Report	tif	unsightly_malicious_55	846323	29b583201c7bb864bdde6db93c8a6a36	Participant	Controlled	['childlike_subsequent_2']	['/programs/childlike_subsequent_2']	s3://permissible_maniacal_37	dg.4DFC/ff94d633-3537-475b-8940-41d8260f5a46	reminiscent_inquisitive_46	accidental_garrulous_30	workable_blushing_20	f5b87ee1-ac5f-5e99-bda5-71533b9f96d2	40f4626e-b3f5-59bf-acba-065365f39ba7
methylation_array_file	lamentable_determined_80	nonchalant_nostalgic_43	Simple Nucleotide Variation	png	distinct_skillful_10	305585	98e4a8f9c9ed07ec5249d5797196b9a9	Study	Controlled	['childlike_subsequent_2']	['/programs/childlike_subsequent_2']	s3://watchful_unaccountable_48	dg.4DFC/f46e78bc-2d39-4200-91f5-b6a32eeb5548	flawless_nonchalant_93	hallowed_whimsical_12	concerned_hesitant_52	aeccd43c-65d4-536b-8d97-d4e53486ae91	ca441fda-15e5-5007-9940-4324b4fa68f6
methylation_array_file	enthusiastic_forgetful_98	satisfying_omniscient_34	COG Clinical Report;Structural Variation	hallowed_defeated_91	faithful_reflective_61	319436	1ed569eb063586d94eb8f7241fc5f77c	Study	Controlled	['childlike_subsequent_2']	['/programs/childlike_subsequent_2']	s3://vigorous_perpetual_3	dg.4DFC/8a2c5e9a-a79c-452c-84d9-8ebeb96ad1ea	exultant_penitent_50	rebellious_threatening_66	substantial_deranged_23	86315c6c-3307-57b6-8fca-3ba2cb9b85d1	8bcc17ab-8adb-51a3-88b8-638beeeaa948
methylation_array_file	abandoned_enchanting_95	absorbed_adjoining_77	IGM Clinical Sequence;symptomatic_undesirable_64	xlsx	truculent_astonishing_71	355184	1afb0a01c83effa0766b0476ed263865	Study	Controlled	['childlike_subsequent_2']	['/programs/childlike_subsequent_2']	s3://receptive_knowledgeable_88	dg.4DFC/3247a515-e956-4726-8366-4b974e23467e	psychotic_watchful_93	didactic_accidental_36	highfalutin_nauseating_61	dcb53475-6b54-5e72-99b9-2aee25e6dfa2	1b234066-960d-5923-8ad0-f2485ed4c291
