type	sample_id	tumor_classification	anatomic_site	participant_age_at_collection	sample_tumor_status	sample_description	crdc_id	id	participant.id	pdx.id	cell_line.id
sample	acoustic_decorous_88	vivacious_glamorous_58	aboriginal_harmonious_20;C16.9 : Stomach, NOS;C38.4 : Pleura, NOS	1111	Normal	thinkable_rightful_32	ceaseless_depressed_66	7aa0896f-37ca-5a49-975e-8a4fbda064cd	45bad7c5-c36f-5e9f-ab64-26c92847ee69		
sample	functional_satisfying_92	fortunate_adaptable_6	abounding_agreeable_85;C61.9 : Prostate gland;C72.5 : Cranial nerve, NOS	1112	Peritumoral	omniscient_yielding_49	grieving_redundant_19	d8621b5f-a8b5-50d7-af45-ac4308ecdaec	c9c2e12c-f2f5-53ed-a124-17cc78bc82ae		
sample	guttural_cowardly_72	Metastatic	C09.0 : Tonsillar fossa;C50.6 : Axillary tail of breast	1113	Normal	slippery_exultant_15	illustrious_evanescent_31	0e6a006e-dbf8-558e-aab3-70711d99fb93	fd9d2a38-45ac-5a37-831c-d038906db7c8		
sample	exultant_gullible_58	Metastatic	C16.3 : Gastric antrum;C40.1 : Short bones of upper limb and associated joints	1114	Normal	absorbing_invincible_60	exultant_bewildered_83	fce4ff72-b7db-52f5-983c-ae8b2644977a	74804170-e4cb-5d46-9d1c-6085b375c9dc		
sample	grandiose_faithful_58	Not Applicable	C38.1 : Anterior mediastinum;C42.2 : Spleen;deranged_lackadaisical_69	1115	Not Reported	industrious_horrible_14	panoramic_exultant_23	b07271d8-2756-5b54-8de8-ec2f582495d8	74c0138f-80c5-58d6-a4fd-541e1185e1fb		
sample	disturbed_therapeutic_87	recondite_repulsive_27	C49.2 : Connective, subcutaneous and other soft tissues of lower limb and hip;C57.0 : Fallopian tube	1116	Normal	ambitious_imperfect_93	periodic_noiseless_39	46aa41b6-da30-58f6-9fa8-0ebc18886900	4e83b289-dbea-5970-8dde-b2caa5ac3c62		
sample	guttural_whimsical_64	Not Applicable	C08.1 : Sublingual gland;C76.5 : Lower limb, NOS;toothsome_decisive_28	1117	breakable_ambiguous_42	ceaseless_tranquil_4	ordinary_entertaining_66	4e03a346-43e5-5a5e-900e-ed6f0efc8001	9024a9fd-2721-5242-8155-9d8bc7ee302f		
sample	disgusted_barbarous_43	discreet_secretive_55	C11.1 : Posterior wall of nasopharynx;C42.1 : Bone marrow	1118	graceful_belligerent_6	abrasive_internal_99	dramatic_abounding_56	f2a0683c-4a89-5679-ad1d-9536931f970e	343651be-74c3-56c5-bbfd-36525cc30b83		
sample	uninterested_doubtful_35	obedient_toothsome_41	C10.2 : Lateral wall of oropharynx;C16.9 : Stomach, NOS;concerned_vivacious_95	1119	tightfisted_assorted_64	scientific_wonderful_31	evanescent_incandescent_1	c770f22f-9fca-5f47-808c-0613f302b8b0	9813c034-191d-5951-ac62-501da0d8abec		
sample	pleasant_exuberant_51	damaging_attractive_92	C04.9 : Floor of mouth, NOS;C06.0 : Buccal mucosa;slippery_aspiring_99	1120	secretive_wretched_65	wasteful_plausible_23	incompetent_cultured_21	f20a3325-9584-5d6f-b025-025221b68d4f	d74531f1-dbff-5013-8d4e-b77691a15a34		
sample	exuberant_painstaking_20	cowardly_lamentable_23	C03.9 : Gum, NOS;C40.8 : Overlapping lesion of bones, joints and articular cartilage of limbs;voiceless_embarrassed_46	1121	overconfident_rhetorical_25	domineering_fabulous_17	spiritual_mindless_60	a5f66eab-e8f1-50ca-854c-7c922b2de33d	0fecc1a2-2d0d-5c84-b2aa-3091a362f19b		
sample	confused_hilarious_22	boundless_grandiose_75	C76.5 : Lower limb, NOS;delightful_majestic_51	1122	Peritumoral	distinct_aspiring_42	scientific_graceful_2	7c377d3c-26b2-5b21-85ea-0abc66323687	da73be2e-37ac-5145-a3a4-a9056900a947		
sample	imaginary_annoying_86	cowardly_lamentable_23	C03.9 : Gum, NOS;C40.8 : Overlapping lesion of bones, joints and articular cartilage of limbs;voiceless_embarrassed_46	1121	overconfident_rhetorical_25	domineering_fabulous_17	spiritual_mindless_60	e43d9a5b-5d65-5d3e-9fe0-0ec802cb7eab		560d50d0-7228-50f3-8e88-e8e1aa016ea8	
sample	tangible_important_17	boundless_grandiose_75	C76.5 : Lower limb, NOS;delightful_majestic_51	1122	Peritumoral	distinct_aspiring_42	scientific_graceful_2	13c9feb1-31a1-5daa-9474-a8baef0380b4		07e1f398-1ca9-5f98-bac5-3ec11d14ee43	
sample	innocent_protective_41	Not Reported	C50.2 : Upper-inner quadrant of breast;perpetual_scientific_42	1125	Not Reported	thundering_efficient_75	fluttering_arrogant_9	7a8214ef-fc4d-521e-b8f6-024de16803da		80bb8ad5-f160-53fb-9274-1c839e31fad1	
sample	adorable_stereotyped_1	Primary	C17.1 : Jejunum;C38.4 : Pleura, NOS	1126	chivalrous_juvenile_9	adhesive_auspicious_91	didactic_invincible_8	26efe0d1-c549-5769-90e2-1f5effa60298		cb211f06-d27a-5f9b-ba3f-d1d15d79bcb6	
sample	selective_guttural_35	obedient_toothsome_41	C10.2 : Lateral wall of oropharynx;C16.9 : Stomach, NOS;concerned_vivacious_95	1119	tightfisted_assorted_64	scientific_wonderful_31	evanescent_incandescent_1	40f4626e-b3f5-59bf-acba-065365f39ba7			70fcd3cd-d8c4-526d-9f67-3d4f42a2bc89
sample	maddening_panoramic_27	damaging_attractive_92	C04.9 : Floor of mouth, NOS;C06.0 : Buccal mucosa;slippery_aspiring_99	1120	secretive_wretched_65	wasteful_plausible_23	incompetent_cultured_21	ca441fda-15e5-5007-9940-4324b4fa68f6			9f0b7518-212d-5f52-a400-929882490828
sample	wretched_defeated_92	Metastatic	C20.9 : Rectum, NOS;reflective_numberless_77	1129	merciful_invincible_72	disgusted_frightened_83	efficacious_outrageous_27	8bcc17ab-8adb-51a3-88b8-638beeeaa948			2dc14217-e215-5d46-8f24-4e501b020e87
sample	grotesque_defective_17	Regional	C02.3 : Anterior 2/3 of tongue, NOS	1130	Tumor	spectacular_panoramic_38	didactic_thoughtful_69	1b234066-960d-5923-8ad0-f2485ed4c291			fa8415bd-38ac-51e3-9d00-99840a8c30d6
