type	diagnosis_id	diagnosis	diagnosis_classification_system	diagnosis_basis	diagnosis_comment	disease_phase	tumor_classification	anatomic_site	age_at_diagnosis	toronto_childhood_cancer_staging	tumor_stage_clinical_t	tumor_stage_clinical_n	tumor_stage_clinical_m	tumor_stage_source	tumor_grade	tumor_grade_source	year_of_diagnosis	laterality	id	participant.id	sample.id
diagnosis	energetic_earsplitting_70	Acute Megakaryoblastic Leukemia, ETS family rearrangement	WHO CNS5 Integrated Diagnosis	Molecular	animated_unsuitable_62	Relapse	Not Applicable	C44.5 : Skin of trunk;C71.5 : Ventricle, NOS;delicious_aggressive_51	1111	Renal tumor (excluding renal cell carcinomas) Stage y-I	TX	N1b	MX	harmonious_fortunate_6	powerful_obnoxious_79	relieved_flipped-out_9	barbarous_high-pitched_78	Bilateral	f9c02a52-12da-51df-a3e8-25c6f664e694	45bad7c5-c36f-5e9f-ab64-26c92847ee69	
diagnosis	inconclusive_towering_71	Dysgerminoma, Ovarian	WHO CNS5 Integrated Diagnosis	Molecular	unsuitable_inconclusive_72	Progression	Primary	C44.1 : Eyelid	1112	Non-Hodgkin lymphoma Stage II	T2a	cautious_old-fashioned_66	MX	Toronto Childhood Cancer Stage Guidelines	Not Applicable	energetic_axiomatic_53	psychedelic_painstaking_94	Not Applicable	2bce2e33-9e18-5600-8f9a-06846f48ebf4		d8621b5f-a8b5-50d7-af45-ac4308ecdaec
diagnosis	animated_mindless_18	8317/3 : Renal cell carcinoma, chromophobe type	ICD-O-3.2	Molecular	standing_worthless_80	Recurrent Disease	Primary	annoying_watchful_50;C50.2 : Upper-inner quadrant of breast	1113	Testicular germ cell tumor Stage IB	charming_hesitant_25	N1a	M1c	Toronto Childhood Cancer Stage Guidelines	luxuriant_annoying_68	dispensable_scientific_22	agonizing_wretched_37	Not Reported	ac6d4cb5-06f5-5ee7-8fe4-f5cd3647e122		0e6a006e-dbf8-558e-aab3-70711d99fb93
diagnosis	majestic_tranquil_73	9705/3 : Angioimmunoblastic T-cell lymphoma	ICD-O-3.2	Molecular	imminent_inexpensive_2	Recurrent Disease	Unknown	C02.3 : Anterior 2/3 of tongue, NOS;C76.3 : Pelvis, NOS	1114	Testicular germ cell tumor Stage IIIA	deserted_agreeable_43	N0	cM0 (i+)	AJCC Tumor T Stage	High Grade	parsimonious_colossal_92	grieving_dispensable_39	Midline	3fa6ab58-8be9-5e05-9fa1-ac01bbce0e87		fce4ff72-b7db-52f5-983c-ae8b2644977a
diagnosis	gleaming_spotless_18	8330/3 : Follicular carcinoma, NOS	ICD-O-3.2	Molecular	truculent_ubiquitous_56	Recurrent Disease	Regional	C15.0 : Cervical esophagus;C47.0 : Peripheral nerves and autonomic nervous system of head, face, and neck;devilish_scintillating_3	1115	Neuroblastoma Stage L2	determined_squeamish_97	N1	M0	wrathful_absorbing_79	secretive_thoughtful_46	defective_faithful_80	incandescent_accidental_40	Not Applicable	2ae3a8ec-876f-5429-8856-02136a535a3d		b07271d8-2756-5b54-8de8-ec2f582495d8
diagnosis	steadfast_dazzling_73	Fibrous dysplasia	CNS Diagnosis Category	Molecular	abrasive_hospitable_1	Initial Diagnosis	Regional	C08.9 : Salivary gland, NOS;C70.9 : Meninges, NOS	1116	Renal tumor (excluding renal cell carcinomas) Stage I	T1a2	N0 (mol+)	harmonious_shivering_45	reminiscent_obnoxious_78	judicious_addicted_75	dysfunctional_succinct_70	skillful_nebulous_85	Not Applicable	4286ad1f-1016-5ba7-93ba-da187e11087a	4e83b289-dbea-5970-8dde-b2caa5ac3c62	
diagnosis	abounding_judicious_83	8330/0 : Follicular adenoma, NOS	ICD-O-3.2	Pathology	watchful_blue-eyed_60	Initial Diagnosis	Unknown	C25.4 : Islets of Langerhans;C44.8 : Overlapping lesion of skin	1117	Astrocytomas Metastatic	T1b	watchful_literate_11	dysfunctional_materialistic_5	AJCC Metastasis M Stage	GB	dangerous_honorable_34	coherent_nutritious_81	Not Applicable	05020c02-ff14-5483-aca6-4057a230d6d4		4e03a346-43e5-5a5e-900e-ed6f0efc8001
diagnosis	disillusioned_thankful_34	8574/3 : Adenocarcinoma with neuroendocrine differentiation	ICD-O-3.2	Pathology	malicious_subsequent_73	Initial Diagnosis	Primary	C76.3 : Pelvis, NOS;Not Reported;victorious_aggressive_10	1118	Hepatoblastoma Localized PRETEXT III	childlike_cooperative_31	N0 (mol+)	M1	Toronto Childhood Cancer Stage Guidelines	GB	annoying_rightful_1	straight_rhetorical_68	Not Specified	47890e8d-28e9-5a8b-a2f6-720c2588abdb		f2a0683c-4a89-5679-ad1d-9536931f970e
diagnosis	deranged_pointless_77	9110/0 : Adenoma of rete ovarii	ICD-O-3.2	Pathology	heavenly_diligent_31	Initial Diagnosis	Primary	C00.6 : Commissure of lip	1119	Acute lymphoblastic leukemia CNS3	Tis (DCIS)	N1bIII	M1a	squealing_enthusiastic_55	toothsome_symptomatic_91	capricious_accurate_45	receptive_yielding_8	Right	e8e27c84-37a7-5c93-8135-2e0854343af5	9813c034-191d-5951-ac62-501da0d8abec	
diagnosis	woebegone_gorgeous_40	Metastatic Tumor, NOS	CNS Diagnosis Category	Pathology	peaceful_tightfisted_18	Recurrent Disease	Primary	C30 : NASAL CAVITY AND MIDDLE EAR	1120	Testicular germ cell tumor Stage IIC	threatening_inquisitive_60	N3	toothsome_coherent_2	Toronto Childhood Cancer Stage Guidelines	righteous_ambitious_70	fanatical_fantastic_62	defective_toothsome_59	Not Applicable	6bcb2540-fed7-555b-a07a-2184d8032a54		f20a3325-9584-5d6f-b025-025221b68d4f
diagnosis	fabulous_encouraging_6	8313/3 : Clear cell adenocarcinofibroma	ICD-O-3.2	Clinical	inquisitive_stimulating_66	Initial Diagnosis	Not Applicable	C41.2 : Spine;C53.9 : Cervix uteri;mindless_parsimonious_62	1121	Rhabdomyosarcoma Stage II	T2	unbiased_aromatic_88	M1b	youthful_questionable_14	Not Applicable	nondescript_ordinary_53	imminent_adjoining_98	Not Specified	263174e8-b1ac-59ac-a08e-ce68d2b05fd1	0fecc1a2-2d0d-5c84-b2aa-3091a362f19b	
diagnosis	enchanting_damaging_39	B-Cell Lymphoblastic Lymphoma, TCF3-PBX1	CNS Diagnosis Category	Clinical	grotesque_disillusioned_19	Initial Diagnosis	Regional	C65.9 : Renal pelvis;C67.2 : Lateral wall of bladder;ignorant_resonant_55	1122	Renal tumor (excluding renal cell carcinomas) Stage IV	tiresome_grieving_25	didactic_gigantic_76	entertaining_terrible_72	AJCC Metastasis M Stage	Intermediate Grade	cultured_tasteful_69	majestic_straight_18	Unknown	e3912923-b802-54ff-915d-45d4e319671f	da73be2e-37ac-5145-a3a4-a9056900a947	
diagnosis	shivering_succinct_20	Malignant melanotic nerve sheath tumor	CNS Diagnosis Category	Clinical	sparkling_endurable_37	Recurrent Disease	Not Applicable	C30 : NASAL CAVITY AND MIDDLE EAR;C77.8 : Lymph nodes of multiple regions;imperfect_judicious_7	1123	Retinoblastoma Stage IV	Tis	deserted_righteous_55	MX	abounding_selective_64	spiritual_temporary_51	boundless_disillusioned_62	flippant_hesitant_77	Not Specified	697d30a7-c4a1-5058-a6a8-4691f09a87aa		e43d9a5b-5d65-5d3e-9fe0-0ec802cb7eab
diagnosis	recondite_inconclusive_20	8980/3 : Carcinosarcoma, NOS	ICD-O-3.2	Clinical	squeamish_statuesque_88	Initial Diagnosis	Regional	C42.0 : Blood;C47.1 : Peripheral nerves and autonomic nervous system of upper limb and shoulder	1124	Non-Hodgkin lymphoma Stage III	T3	N2	M1	AJCC Tumor T Stage	diligent_delightful_67	dazzling_cowardly_78	tangible_watchful_32	Bilateral	8423d9c4-fa8f-58c6-ab69-4d2722329adc	b251b91a-3ece-5024-a01e-1aa4787d9d0a	
diagnosis	numberless_thinkable_13	9040/3 : Synovial sarcoma, NOS	ICD-O-3.2	Clinical	obtainable_obeisant_44	Recurrent Disease	Regional	C48.2 : Peritoneum, NOS	1125	Testicular germ cell tumor Stage I	T4c	entertaining_abstracted_56	M1	AJCC Tumor T Stage	talented_efficacious_20	internal_devilish_59	knowledgeable_holistic_0	Not Specified	8926c42e-21bf-5a83-8ef4-9bca79a31fed		7a8214ef-fc4d-521e-b8f6-024de16803da
diagnosis	forgetful_holistic_53	8381/3 : Endometrioid adenofibroma, malignant	ICD-O-3.2	Clinical	rhetorical_knowledgeable_44	Recurrent Disease	Regional	C44.1 : Eyelid;C67.7 : Urachus	1126	Malignant bone tumor Localized	T4	N1	cM0 (i+)	AJCC Metastasis M Stage	G2	colossal_selective_39	scattered_ethereal_40	Left	716acf47-2c9f-5708-8621-326e0cb22254	073e8406-fe44-508d-99ac-8d1178215725	
diagnosis	political_nebulous_77	Aneurysmal Bone Cyst	WHO CNS5 Integrated Diagnosis	Pathology	fascinated_nostalgic_93	Progression	Not Applicable	C62.0 : Undescended testis;C67.9 : Bladder, NOS;sparkling_colorful_79	1127	Testicular germ cell tumor Stage IS	difficult_stimulating_48	N1c	acoustic_industrious_76	AJCC Tumor T Stage	High Grade	arrogant_decisive_21	fortunate_detailed_40	Bilateral	2beb61e5-8669-5ed0-bbd7-2f560b76073a	ed815fdc-e79a-5c04-9923-2e00df423238	
diagnosis	tasteless_rebellious_93	Fibroblastic/Myofibroblastic Tumor	WHO CNS5 Integrated Diagnosis	Pathology	capricious_decisive_19	Progression	Not Applicable	C41.2 : Spine	1128	Non-Hodgkin lymphoma Stage III	T1b2	ludicrous_pointless_60	abrasive_adjoining_79	Toronto Childhood Cancer Stage Guidelines	High Grade	didactic_scintillating_7	shivering_unbecoming_48	Not Applicable	bda02c57-e5d4-5bba-9818-24ce6b9c2f1a	ec6efedf-e54e-52d1-bad3-5dabdd35fe06	
diagnosis	teeny-tiny_blue-eyed_10	8650/0 : Leydig cell tumor, benign	ICD-O-3.2	Pathology	overwrought_talented_15	Progression	Not Applicable	C04.0 : Anterior floor of mouth;C06.2 : Retromolar area;whimsical_psychedelic_32	1129	Hepatoblastoma Localized PRETEXT II	fanatical_substantial_89	N3c	possessive_incandescent_15	AJCC Tumor T Stage	Not Applicable	abounding_inexpensive_32	uttermost_nutritious_87	Unknown	5af0e397-1272-5968-aac0-6f6c9fac43ab		8bcc17ab-8adb-51a3-88b8-638beeeaa948
diagnosis	uttermost_heavenly_6	9015/0 : Mucinous adenofibroma, NOS	ICD-O-3.2	Pathology	lopsided_garrulous_50	Progression	Not Applicable	C37.9 : Thymus;C44.9 : Skin, NOS;flippant_friendly_12	1130	Retinoblastoma Stage 0	Ta	reflective_unequaled_52	talented_nonchalant_82	gorgeous_overconfident_78	understood_horrible_1	illustrious_imported_26	kindhearted_spotless_49	Midline	ffba505e-bc8b-59bb-a524-4fc83f9a1248		1b234066-960d-5923-8ad0-f2485ed4c291
