type	exposure_id	age_at_exposure	pack_years_smoked	years_smoked	alcohol_days_per_week	alcohol_drinks_per_day	alcohol_history	alcohol_intensity	asbestos_exposure	cigarettes_per_day	coal_dust_exposure	environmental_tobacco_smoke_exposure	radon_exposure	respirable_crystalline_silica_exposure	smoking_frequency	time_between_waking_and_first_smoke	tobacco_smoking_onset_year	tobacco_smoking_quit_year	tobacco_smoking_status	type_of_smoke_exposure	type_of_tobacco_used	id	participant.id
exposure	functional_skillful_58	1111	828428.76	680756.85	168733.2	587216.84	No	Not Reported	Not Reported	994937	Not Reported	No	Unknown	No	Some days	6-30 Minutes	264259	791097	1 (Lifelong Non-Smoker)	Wood burning smoke, factory	Not Reported;Smokeless Tobacco	cd71dee0-6c5d-5dfc-9966-90b46f6c7ca6	45bad7c5-c36f-5e9f-ab64-26c92847ee69
exposure	nauseating_barbarous_62	1112	970466.62	76998.6	29793.51	148882.43	Yes	Heavy Drinker	No	107350	No	Not Reported	No	Unknown	Some days	Within 5 Minutes	585961	518805	1 (Lifelong Non-Smoker)	Indoor stove or fireplace smoke, NOS	Pipe	b802ca0a-44b2-5567-8307-60de74676ad8	c9c2e12c-f2f5-53ed-a124-17cc78bc82ae
exposure	auspicious_needless_18	1113	684163.85	684810.75	154891.49	891985.04	Unknown	Unknown	Unknown	284039	Unknown	Yes	No	No	Not Reported	Not Reported	524806	831960	5 (Current Reformed Smoker, Duration Not Specified)	Fire smoke, NOS;Hashish smoke	Electronic Cigarette;Pipe	7001ea55-ab84-58cb-ae34-00f7d816e83c	fd9d2a38-45ac-5a37-831c-d038906db7c8
exposure	absorbed_honorable_67	1114	878846.99	648248.44	744613.23	620658.69	Yes	Heavy Drinker	Not Reported	705738	No	Yes	Unknown	Not Reported	Some days	Unknown	462226	250560	5 (Current Reformed Smoker, Duration Not Specified)	Cooking-related smoke, NOS;Indoor stove or fireplace smoke, NOS	Not Reported;Smokeless Tobacco	624d119f-ac5f-5231-8eba-fbdb49455fdd	74804170-e4cb-5d46-9d1c-6085b375c9dc
exposure	imaginary_reminiscent_35	1115	895834.56	304085.47	974135.56	185721.7	Unknown	Heavy Drinker	Not Reported	80056	No	Yes	Not Reported	Yes	Unknown	Not Reported	651253	892739	2 (Current Smoker)	Cooking-related smoke, NOS;Furnace or boiler smoke	Other	96b8b023-34be-5199-8bae-85cc6924c2bf	74c0138f-80c5-58d6-a4fd-541e1185e1fb
exposure	animated_addicted_9	1116	317869.19	338490.62	75884.7	673676.02	Yes	Occasional Drinker	Yes	124309	Yes	Yes	Yes	Yes	Unknown	6-30 Minutes	318432	275979	Not Reported	Burning tree smoke	Not Reported	2dd29c32-8ed8-5d16-aa90-f33327ced61f	4e83b289-dbea-5970-8dde-b2caa5ac3c62
exposure	ambitious_dysfunctional_0	1117	731820.98	25285.61	451937.76	262135.35	Not Reported	Heavy Drinker	Unknown	580671	Unknown	Yes	Yes	No	Not Reported	Not Reported	764392	407155	Not Reported	Accidental fire smoke, NOS;Field burning smoke	Cigarettes	54540041-9c2a-55c6-9aed-b2c2eb25e815	9024a9fd-2721-5242-8155-9d8bc7ee302f
exposure	unsuitable_voracious_42	1118	703748.99	520498.59	802898.74	947107.96	No	Occasional Drinker	Yes	978385	Not Reported	Yes	Yes	Not Reported	Unknown	6-30 Minutes	425681	850376	7 (Smoking history not documented)	Grilling smoke	Not Reported	5d479970-8319-5445-b853-2ac19a2faf27	343651be-74c3-56c5-bbfd-36525cc30b83
exposure	tasteful_slippery_60	1119	163680.6	605552.46	177336.34	555799.05	Not Reported	Unknown	Unknown	501399	Not Reported	Not Reported	Yes	No	Every day	Unknown	130204	796795	Unknown	Indoor stove or fireplace smoke, NOS;Recreational fire smoke	Cigarettes	45da89de-accc-5037-b519-44aea05cb433	9813c034-191d-5951-ac62-501da0d8abec
exposure	industrious_wholesale_58	1120	870611.02	785114.61	794028.6	852143.67	No	Unknown	Yes	589779	Yes	Unknown	No	Not Reported	Not Reported	6-30 Minutes	898819	71960	3 (Current Reformed Smoker for > 15 yrs)	Aircraft smoke;Work-related smoke, fire fighting	Electronic Cigarette;Smokeless Tobacco	f983a34f-ef38-5b2e-8338-fb2b19bf2719	d74531f1-dbff-5013-8d4e-b77691a15a34
exposure	parsimonious_romantic_22	1121	865301.51	407029.96	611261.53	194625.84	No	Non-Drinker	Not Reported	741284	Not Reported	Yes	No	Unknown	Every day	After 60 Minutes	382031	299311	Not Reported	Indoor stove or fireplace smoke, coal burning;Work-related smoke, military	Cigarettes;Pipe	a1f99e87-ac3f-5e06-b813-789704f5af62	0fecc1a2-2d0d-5c84-b2aa-3091a362f19b
exposure	whimsical_uncovered_50	1122	830250.23	169681.59	324680.09	16750.04	Unknown	Lifelong Non-Drinker	No	579078	No	No	Unknown	Yes	Unknown	31-60 Minutes	166108	111894	3 (Current Reformed Smoker for > 15 yrs)	Aircraft smoke;No Smoke Exposure	Smokeless Tobacco;Unkown	4bae39f8-5860-5397-bdfe-022a904df92d	da73be2e-37ac-5145-a3a4-a9056900a947
exposure	penitent_vengeful_41	1123	546800.66	115459.11	791520.04	344209.86	No	Drinker	Yes	643106	Yes	Yes	Not Reported	No	Every day	6-30 Minutes	112691	470163	Not Reported	Marijuana smoke;Volcanic smoke	Electronic Cigarette	81e51739-44b5-56f3-8949-5d65334bf7f3	3afa3d3c-1e92-5f17-a4b9-7faebac10cb3
exposure	undesirable_momentous_81	1124	479541.21	780382.39	770760.65	211512.66	Yes	Non-Drinker	Yes	235580	Not Reported	Yes	No	No	Some days	6-30 Minutes	375879	699515	2 (Current Smoker)	Accidental fire smoke, NOS	Cigarettes	9dd42760-120b-5b80-8df8-ed8af29761b0	b251b91a-3ece-5024-a01e-1aa4787d9d0a
exposure	cooperative_steadfast_47	1125	12430.9	144831.12	32083.68	926385.78	Unknown	Heavy Drinker	Yes	740007	Yes	Unknown	Not Reported	Yes	Unknown	31-60 Minutes	27959	977435	2 (Current Smoker)	Not Reported;Work-related smoke, soldering/welding	Other;Unkown	47dad40a-af4e-54c4-9ba4-0bd2a534c529	3e5d4ebe-0775-5a05-b19a-7a2306335dde
exposure	decisive_magnificent_11	1126	567460.56	203506.48	79755.73	895149.32	No	Heavy Drinker	Unknown	489123	Unknown	Unknown	Unknown	Not Reported	Some days	31-60 Minutes	998464	995728	7 (Smoking history not documented)	Grilling smoke;Oil burning smoke, Kerosene	Cigarettes;Not Reported	83884cc7-7da2-55df-ad21-a1eff5d34b9e	073e8406-fe44-508d-99ac-8d1178215725
exposure	axiomatic_grieving_14	1127	902541.33	228760.72	192330.78	199373.62	Not Reported	Non-Drinker	No	23670	Unknown	Unknown	No	No	Unknown	Within 5 Minutes	899987	118508	Not Reported	Electrical fire smoke	Cigar	191a8950-81c3-5163-b335-27d0872d887a	ed815fdc-e79a-5c04-9923-2e00df423238
exposure	fearless_fantastic_29	1128	580096.24	142844	776505.14	326019.02	Unknown	Lifelong Non-Drinker	Yes	130262	Unknown	No	Not Reported	Not Reported	Every day	31-60 Minutes	630736	247649	1 (Lifelong Non-Smoker)	Electrical fire smoke;Work-related smoke, plastics factory	Cigar;Not Reported	9f79f0e2-88b4-595c-ac81-d54b5f5ed7cc	ec6efedf-e54e-52d1-bad3-5dabdd35fe06
exposure	succinct_lopsided_27	1129	857135.43	59857.39	840899.24	169598.59	Unknown	Heavy Drinker	Unknown	14209	Not Reported	Yes	Yes	Yes	Some days	Not Reported	501464	697748	1 (Lifelong Non-Smoker)	Smoke exposure, NOS	Pipe	c7d8a602-b9ae-569d-b3e5-96f4f8d6d351	0c2c6bdc-79cb-5b24-bcbf-6f2dea868e3c
exposure	accidental_majestic_8	1130	642687.44	329018.96	942808.2	15908.55	Unknown	Occasional Drinker	No	241733	Unknown	Yes	Yes	No	Unknown	6-30 Minutes	436526	844051	2 (Current Smoker)	Tobacco smoke, cigar;Volcanic smoke	Cigarettes;Pipe	4bb28199-b2dc-5354-8670-36fec40d95ff	0cb9718e-f313-59e4-8be9-3e2737961828
