type	pathology_file_id	file_name	data_category	file_type	file_description	file_size	md5sum	file_mapping_level	file_access	acl	authz	file_url	dcf_indexd_guid	image_modality	license	magnification	fixation_embedding_method	staining_method	deidentification_method	percent_tumor	percent_necrosis	crdc_id	id	sample.id
pathology_file	parsimonious_recondite_28	reflective_exclusive_40	COG Clinical Report;IGM Clinical Report	rds	repulsive_vengeful_78	419281	9f0be65d4dbdf4dee413b1870b9fa465	Sample	Open	['*']	['/open']	s3://nonchalant_wholesale_18	dg.4DFC/a3cc135b-70d8-42f9-bf88-9e456608b8bc	Computed Tomography	CC by 4.0	available_motionless_43	Liquid nitrogen	alluring_heartbreaking_91	semiautomatic	139001	362861	aggressive_makeshift_99	b1a7e7a3-85af-54a3-bc4e-94255dab09c5	7aa0896f-37ca-5a49-975e-8a4fbda064cd
pathology_file	stimulating_damaging_4	accurate_squeamish_82	COG Clinical Report;Gene Fusion Clinical Report	bcf	quizzical_efficient_66	431474	d16067ec7505a023e2efeff4db6fad8c	Participant	Controlled	['childlike_subsequent_2']	['/programs/childlike_subsequent_2']	s3://axiomatic_spurious_66	dg.4DFC/33af1acf-6a57-46b1-9479-d026d6474808	Panoramic X-Ray	flawless_efficient_41	scattered_fallacious_46	Formalin fixed - buffered	In situ hybridization	Not applicable	305759	403629	apathetic_wonderful_59	4ce5eec1-062f-591a-be13-640c5f8caaed	d8621b5f-a8b5-50d7-af45-ac4308ecdaec
pathology_file	charming_nebulous_60	venomous_unaccountable_45	gullible_toothsome_75;IGM Clinical Report;IGM Clinical Sequence	vmu	adventurous_confused_74	330682	8ff1f3e6db612b21f7d03d1263402234	Participant	Controlled	['childlike_subsequent_2']	['/programs/childlike_subsequent_2']	s3://uttermost_entertaining_41	dg.4DFC/4025d893-6d0b-4670-a86a-7b093ed3e563	diligent_distinct_67	steadfast_instinctive_72	obsolete_volatile_56	functional_wonderful_52	In situ hybridization	troubled_disagreeable_70	31669	200673	repulsive_pleasant_8	f9de9657-5b55-5710-ac89-145ce762477a	0e6a006e-dbf8-558e-aab3-70711d99fb93
pathology_file	defective_thankful_4	truculent_discreet_54	Gene Expression;Methylation Clinical Report	outstanding_truculent_89	combative_hallowed_83	561853	c51475a79ef885e583f0575cfe684e06	Participant	Open	['*']	['/open']	s3://uncovered_frightened_67	dg.4DFC/be39cbd6-1294-4430-a55f-6d4ebcdd0ae6	astonishing_aberrant_2	CC by 4.0	inexpensive_disagreeable_75	Unknown	H&E	Not applicable	978744	755598	skillful_thundering_1	1731395e-2b97-5b96-87cd-16aa6dcbb878	fce4ff72-b7db-52f5-983c-ae8b2644977a
pathology_file	comfortable_highfalutin_13	tranquil_glorious_36	Clinical;COG Clinical Report	vmu	ordinary_ludicrous_23	148052	b7a16de17d18ba0a70246a2f28a85e20	Study	Controlled	['childlike_subsequent_2']	['/programs/childlike_subsequent_2']	s3://vivacious_delightful_15	dg.4DFC/66f975fe-46ce-476a-aa58-4f6d49c74348	whispering_imperfect_4	available_materialistic_55	colossal_tiresome_18	illustrious_fantastic_13	possessive_efficacious_75	semiautomatic	144175	655174	picayune_uncovered_45	30b3a230-c7f7-5a90-b631-a74da158de18	b07271d8-2756-5b54-8de8-ec2f582495d8
pathology_file	fascinated_thundering_19	subsequent_spurious_40	Generic;Sequencing;woebegone_tasteful_21	bam_index	stereotyped_psychotic_35	378806	ab4f362b50853170710a6f6693410fcb	Study	Open	['*']	['/open']	s3://fabulous_terrible_29	dg.4DFC/2e8cbd6d-cb41-4abd-9c1e-ed959b5974a9	encouraging_difficult_18	hypnotic_towering_45	worthless_hospitable_78	OCT	determined_chivalrous_67	habitual_fantastic_19	636185	626893	numberless_disillusioned_57	a025af3d-7c5f-5968-bc02-7ebf16328389	46aa41b6-da30-58f6-9fa8-0ebc18886900
pathology_file	gruesome_aggressive_81	diligent_didactic_93	Copy Number Variation;painstaking_teeny-tiny_82	barbarous_gruesome_86	high-pitched_outstanding_31	648553	695785025fd50be8e1fbcd04ab93b97a	Study	Open	['*']	['/open']	s3://condemned_heavenly_95	dg.4DFC/0763370f-c12f-447c-9e4a-ece3c22af0f7	Computed Tomography	annoying_tightfisted_50	quizzical_arrogant_47	OCT	mIHC	automatic	969497	545352	annoying_whimsical_42	a1d594cb-7297-536c-a890-7bb950003df1	4e03a346-43e5-5a5e-900e-ed6f0efc8001
pathology_file	obsolete_addicted_90	yielding_obtainable_19	Simple Nucleotide Variation;synonymous_relieved_45;Tumor Normal Clinical Report	fabulous_wandering_12	volatile_righteous_77	275051	801b6cda61d8dcf5e43897503c492ab5	Study	Controlled	['childlike_subsequent_2']	['/programs/childlike_subsequent_2']	s3://statuesque_comfortable_42	dg.4DFC/83de3939-60ae-4953-a688-72e67fd9cdae	Computed Tomography	thoughtful_needless_62	barbarous_rhetorical_86	Not reported	Other	holistic_condemned_71	724213	802172	absorbing_draconian_62	532891f4-1a23-5168-83bb-a1f1bfbba1ae	f2a0683c-4a89-5679-ad1d-9536931f970e
pathology_file	charming_disagreeable_12	protective_entertaining_58	IGM Clinical Report;instinctive_absorbed_77;Sequencing	whispering_talented_43	grieving_spotless_3	889305	c2676ddad1f25eaef0eb51f20a20e17c	Participant	Controlled	['childlike_subsequent_2']	['/programs/childlike_subsequent_2']	s3://whispering_maddening_12	dg.4DFC/1459675d-926f-46ed-a0f2-458f75532d04	Magnetic Resonance	CC by 4.0	magnificent_obtainable_40	abounding_frightened_52	gruesome_pleasant_74	semiautomatic	717865	43990	fantastic_disturbed_66	3bf37e99-9440-5223-861d-02f193c39efd	c770f22f-9fca-5f47-808c-0613f302b8b0
pathology_file	barbarous_acceptable_9	unbiased_receptive_27	omniscient_workable_64;Tumor Normal Clinical Report	unbecoming_disgusted_29	grotesque_mindless_98	718694	3f8b82dc526b197545396fd36ce0af91	Study	Controlled	['childlike_subsequent_2']	['/programs/childlike_subsequent_2']	s3://pleasant_recondite_85	dg.4DFC/82ab2b74-adbc-4c0c-8166-d9f97148a1ee	Positron Emission Tomography	CC by 4.0	vigorous_toothsome_81	-80 degrees C	therapeutic_incompetent_11	splendid_understood_2	892275	55299	blue-eyed_charming_77	fa7a11fd-e5f7-5c49-b8e8-6cd0b9ee9287	f20a3325-9584-5d6f-b025-025221b68d4f
pathology_file	inconclusive_psychotic_21	spiritual_important_81	aromatic_juvenile_0;Generic	bed	undesirable_resonant_63	889426	12f5b69ef4aa4141cb1af22eefe14834	Study	Open	['*']	['/open']	s3://unadvised_assorted_92	dg.4DFC/e03e31ec-4257-4e6f-9ab7-2d708db1a1f7	Slide Microscopy	thoughtless_assorted_51	hilarious_wandering_90	abounding_miniature_20	towering_deserted_64	shivering_impossible_47	229643	97703	subsequent_discreet_31	8843ae1e-6bad-59b1-8169-d86c6ceb6d50	a5f66eab-e8f1-50ca-854c-7c922b2de33d
pathology_file	delicious_energetic_39	nondescript_energetic_12	Gene Expression	adjoining_bewildered_52	assorted_foregoing_6	117309	b227b149f28d716ad1f6b1a7d85908f6	Participant	Open	['*']	['/open']	s3://stereotyped_adjoining_51	dg.4DFC/c6ba77f6-e5fb-4f8d-b871-b13c68857323	scintillating_standing_97	CC by 4.0	agonizing_troubled_62	uncovered_homeless_45	receptive_needless_65	automatic	867969	807909	snobbish_magnificent_99	3dd5ca59-b9f5-53f9-92e1-4eae5ffe45c7	7c377d3c-26b2-5b21-85ea-0abc66323687
pathology_file	freezing_tasteless_43	futuristic_hypnotic_93	Clinical;Pathology Imaging	json	wretched_disgusted_22	757757	d876ab13b8d8fd567719e47dc52391f7	Participant	Controlled	['childlike_subsequent_2']	['/programs/childlike_subsequent_2']	s3://coherent_snobbish_48	dg.4DFC/5e02069d-d094-4de6-9421-d48fc1bcc8a2	encouraging_historical_9	CC by 3.0	resolute_pleasant_33	rebellious_harmonious_52	IHC	majestic_perpetual_31	339416	606059	industrious_cautious_23	45afa6a3-220e-59bc-bc9b-0bd9ab1afee0	e43d9a5b-5d65-5d3e-9fe0-0ec802cb7eab
pathology_file	accessible_gigantic_98	spurious_yielding_1	addicted_woebegone_92;Pathology Imaging;Sequencing	cns	synonymous_earsplitting_9	141382	fc88a65147e7daa3addf358871d52e52	Sample	Controlled	['childlike_subsequent_2']	['/programs/childlike_subsequent_2']	s3://frightened_acoustic_64	dg.4DFC/32082474-2779-4941-886c-ebab74f59900	exultant_innocent_96	CC by 3.0	acceptable_exuberant_21	Not reported	Other	automatic	978832	617042	adhesive_political_87	58a070cb-c7f0-5b54-91e1-e1984243f05b	13c9feb1-31a1-5daa-9474-a8baef0380b4
pathology_file	guiltless_spurious_17	toothsome_dazzling_8	Gene Fusion Clinical Report	wonderful_heartbreaking_41	dramatic_cheerful_25	599770	9a8f76d1009b2b76170b159be2c0e4f3	Participant	Controlled	['childlike_subsequent_2']	['/programs/childlike_subsequent_2']	s3://helpless_observant_51	dg.4DFC/72fee9e1-5444-49c4-9e25-c2712ebfef1b	subsequent_apathetic_15	CC by 3.0	beautiful_rebellious_85	-80 degrees C	mIHC	squealing_unsightly_19	32016	538214	helpless_maddening_23	5a1e9ab6-7aca-5046-87ca-5f3d0e1a3afe	7a8214ef-fc4d-521e-b8f6-024de16803da
pathology_file	incompetent_pastoral_96	teeny-tiny_overwrought_37	rhetorical_draconian_37;Sequencing	xlsx	abhorrent_plausible_90	624763	02bac2094330b70d39a429df408c4b41	Sample	Controlled	['childlike_subsequent_2']	['/programs/childlike_subsequent_2']	s3://historical_pleasant_96	dg.4DFC/98a8fd27-f1af-401a-8485-359111061673	abhorrent_plausible_65	CC by 4.0	hesitant_teeny-tiny_72	abrasive_forgetful_5	In situ hybridization	automatic	587545	495469	excellent_steadfast_2	93fe31ec-1094-5f69-8d71-0fea1defc378	26efe0d1-c549-5769-90e2-1f5effa60298
pathology_file	standing_combative_73	ordinary_delicious_42	IGM Clinical Report	obedient_annoying_92	spiritual_volatile_8	297087	27fdcd919bf14f13d68117d09bc7e67d	Participant	Controlled	['childlike_subsequent_2']	['/programs/childlike_subsequent_2']	s3://kindhearted_thoughtful_32	dg.4DFC/be55224c-1b2a-4cb3-aa63-4a586cc51d91	flipped-out_credible_5	blushing_inconclusive_15	resonant_harmonious_40	satisfying_ceaseless_2	uninterested_obsolete_68	automatic	910590	587316	overconfident_steadfast_79	1415a066-f763-5396-9314-7d3a584ae6cd	40f4626e-b3f5-59bf-acba-065365f39ba7
pathology_file	ambitious_dispensable_41	secretive_receptive_3	Clinical;Pathology Imaging	tangible_juvenile_5	economic_temporary_80	747016	3ddf8bda7670f5d5f787bd8d35c012c9	Sample	Controlled	['childlike_subsequent_2']	['/programs/childlike_subsequent_2']	s3://omniscient_fabulous_80	dg.4DFC/6f98dde2-2b3b-4011-9951-c159d8e9dc11	Slide Microscopy	ambitious_agreeable_39	entertaining_deserted_31	habitual_victorious_52	mIHC	automatic	400129	829977	knowledgeable_abstracted_98	8915498f-26fb-5ff2-9903-aca73f2771cf	ca441fda-15e5-5007-9940-4324b4fa68f6
pathology_file	disillusioned_obnoxious_79	standing_unbiased_17	COG Clinical Report;youthful_abhorrent_49	fantastic_shivering_5	lackadaisical_hesitant_98	177149	d767374f373b80d7d673cbe24f53805b	Sample	Open	['*']	['/open']	s3://horrible_reminiscent_29	dg.4DFC/19a35776-28fb-4651-87f5-6ab1f77a6dba	Computed Tomography	CC by 3.0	laughable_heavenly_51	earsplitting_abundant_49	thoughtless_devilish_36	repulsive_highfalutin_75	13022	709245	changeable_dysfunctional_60	191e27e2-1bad-511b-ae76-91148be4db0d	8bcc17ab-8adb-51a3-88b8-638beeeaa948
pathology_file	reflective_mysterious_88	powerful_fluttering_72	Simple Nucleotide Variation	ndpi	judicious_comfortable_56	216482	39d5a6e237f46b3b054a7f77cef0990f	Study	Open	['*']	['/open']	s3://stimulating_recondite_70	dg.4DFC/fa91f983-8b17-4aa9-b54b-8273038eb977	discreet_inconclusive_56	CC by 3.0	picayune_guttural_0	Cryopreservation in liquid nitrogen (dead tissue)	hysterical_ordinary_8	materialistic_recondite_66	419900	632960	fallacious_different_12	feb405e5-b4cd-5bf8-9b41-5271d61c0b83	1b234066-960d-5923-8ad0-f2485ed4c291
