type	generic_file_id	file_name	data_category	file_type	file_description	file_size	md5sum	file_mapping_level	file_access	acl	authz	file_url	dcf_indexd_guid	crdc_id	id	study.id	participant.id	sample.id
generic_file	decisive_gigantic_66	psychotic_miniature_59	flipped-out_acoustic_76;Pathology Imaging;Tumor Normal Clinical Report	tar	colossal_wandering_19	641873	4febc6455d3029435e9410bf3075a356	Sample	Controlled	['childlike_subsequent_2']	['/programs/childlike_subsequent_2']	s3://nostalgic_thankful_46	dg.4DFC/55d9efef-62ea-437c-9651-6c5a5547f5ef	blue-eyed_successful_6	08dd2c3a-496b-5311-9510-efd654957fb3	8c6f52c9-35b1-5224-844c-970fa62af3f7		
generic_file	standing_deafening_97	outstanding_voracious_47	Clinical;screeching_axiomatic_55	fastq	economic_impartial_10	419760	0440166e88ff242f9531dc503693cd85	Study	Controlled	['childlike_subsequent_2']	['/programs/childlike_subsequent_2']	s3://divergent_teeny-tiny_37	dg.4DFC/f83374fb-437e-4b8b-b506-36a42abf4019	comfortable_scattered_65	c735ce70-fbea-53cf-bbe1-92720c50eeab	8c6f52c9-35b1-5224-844c-970fa62af3f7		
generic_file	depressed_therapeutic_49	satisfying_obsequious_43	COG Clinical Report;industrious_hysterical_86	selective_psychedelic_52	obeisant_secretive_47	363659	332e9908d745afc751df434d3af071e4	Sample	Open	['*']	['/open']	s3://shivering_undesirable_0	dg.4DFC/c2d76a08-ea42-418c-9699-ee08f9553ba9	political_resolute_65	95cb632b-c28d-541c-bd45-8b09c6950062	8c6f52c9-35b1-5224-844c-970fa62af3f7		
generic_file	volatile_numberless_43	repulsive_successful_85	Methylation Clinical Report	ordinary_tiresome_66	overconfident_truculent_6	130380	8e1ae566efc1120986ae2f8f1fd9fe91	Sample	Open	['*']	['/open']	s3://snobbish_possessive_34	dg.4DFC/e568f65b-1615-4930-9a77-b07ef5849d1e	agonizing_capricious_8	4a61c3f3-c1e3-5203-9753-960a3e913279		74804170-e4cb-5d46-9d1c-6085b375c9dc	
generic_file	glorious_gruesome_37	overwrought_adventurous_42	Radiology Imaging;Structural Variation	fascinated_humorous_2	glamorous_psychedelic_66	7011	17d954959f34d50f02c6c9669d1a26e7	Sample	Open	['*']	['/open']	s3://secretive_addicted_90	dg.4DFC/59873c20-d6b4-4d54-af42-5c11e9ec8f73	horrible_subsequent_62	edec5a61-99f5-5680-b34a-0698b7d76877	8c6f52c9-35b1-5224-844c-970fa62af3f7		
generic_file	lopsided_fantastic_71	tasteless_spectacular_51	Copy Number Variation;shocking_defective_13;Simple Nucleotide Variation	workable_unequaled_62	ruthless_squeamish_28	998017	1a5c12d959f719d5432411347d703351	Study	Controlled	['childlike_subsequent_2']	['/programs/childlike_subsequent_2']	s3://laughable_agonizing_58	dg.4DFC/e23a8637-4c1c-4882-9dff-8eb0d1c844b5	fascinated_dispensable_21	15634ec9-52f3-56ef-b9f6-b57ad844b286	8c6f52c9-35b1-5224-844c-970fa62af3f7		
generic_file	unsightly_ubiquitous_98	splendid_stimulating_25	COG Clinical Report;Copy Number Variation;homeless_fluttering_50	json	tangible_exclusive_16	144734	15825fba3bfc4ef2d50c1433ce83ca37	Participant	Controlled	['childlike_subsequent_2']	['/programs/childlike_subsequent_2']	s3://rhetorical_forgetful_51	dg.4DFC/7f96c01a-b28e-4a66-ad2e-f3e38f8d1a19	grandiose_habitual_66	8393546d-6a14-5e8f-b7bc-d9cc8105237f	8c6f52c9-35b1-5224-844c-970fa62af3f7		
generic_file	homeless_apathetic_56	tasteless_charming_24	Gene Expression	svg	ambiguous_cautious_57	475218	126fbdc864a7a4d0c8a1e6bd146ebbb8	Study	Controlled	['childlike_subsequent_2']	['/programs/childlike_subsequent_2']	s3://tranquil_garrulous_8	dg.4DFC/562e0cae-56f2-47ad-bb54-8ef4f001d276	outstanding_impossible_86	f9f656fe-f52f-5380-a73a-e5f677b3c570			f2a0683c-4a89-5679-ad1d-9536931f970e
generic_file	unbiased_lackadaisical_66	vivacious_obeisant_94	chivalrous_spotless_52;Methylation Array	entertaining_protective_10	tasteless_doubtful_31	497090	cb96f3fef0729225afbfaa7040c7ff80	Sample	Controlled	['childlike_subsequent_2']	['/programs/childlike_subsequent_2']	s3://sparkling_observant_39	dg.4DFC/7142b77f-740f-40df-a0b5-89569e384c17	maniacal_spectacular_88	87f1e999-dccc-5520-a1b8-2ab2923f9298		9813c034-191d-5951-ac62-501da0d8abec	
generic_file	thundering_overconfident_54	subsequent_tangible_4	COG Clinical Report;Pathology Imaging	tiff	thoughtful_concerned_65	737734	6facc7872bd9661d88bc17b9e1a9dcf1	Sample	Controlled	['childlike_subsequent_2']	['/programs/childlike_subsequent_2']	s3://perpetual_ethereal_89	dg.4DFC/426709a4-c24c-4194-8654-134ca5020284	observant_pathetic_31	2dab272f-6da8-537f-ae0e-f38a1ed4c0ba	8c6f52c9-35b1-5224-844c-970fa62af3f7		
generic_file	foregoing_entertaining_72	blushing_animated_58	Sequencing	vcf_index	divergent_adorable_84	758548	72609b05296ef8cb3eaedf4d24325931	Participant	Controlled	['childlike_subsequent_2']	['/programs/childlike_subsequent_2']	s3://guiltless_woebegone_69	dg.4DFC/fa986885-e842-484d-833a-0f69c6ab9578	addicted_glamorous_8	f2db1b20-7f77-524d-a0a5-57ec8c694f7b			a5f66eab-e8f1-50ca-854c-7c922b2de33d
generic_file	picayune_heartbreaking_34	astonishing_obedient_86	harmonious_grieving_41;IGM Clinical Report;Methylation Array	coherent_delightful_60	defective_fanatical_61	359208	a2a7190341ddd643e65db9164fe1e4d9	Sample	Controlled	['childlike_subsequent_2']	['/programs/childlike_subsequent_2']	s3://neighborly_slippery_14	dg.4DFC/443f8142-c839-4ea2-b187-1baa500056d9	disillusioned_uncovered_20	787733bd-118b-58d1-8adb-b510d65e81d6			7c377d3c-26b2-5b21-85ea-0abc66323687
generic_file	wrathful_acceptable_15	recondite_honorable_67	Methylation Clinical Report;Tumor Normal Clinical Report;wandering_succinct_87	enthusiastic_endurable_47	domineering_flippant_25	601255	e5af70a88363413b3424513a5ef2b906	Sample	Open	['*']	['/open']	s3://abstracted_picayune_82	dg.4DFC/23bc5008-e81c-45a3-be77-e956f3394f68	ambitious_plausible_10	874d2f09-b123-58bc-ae52-743edc0e9400			e43d9a5b-5d65-5d3e-9fe0-0ec802cb7eab
generic_file	worthless_entertaining_93	talented_imaginary_56	Gene Fusion Clinical Report;Simple Nucleotide Variation	json	lamentable_teeny-tiny_51	737517	d92ee459f9e58ff9c6b58d92b20f4327	Sample	Controlled	['childlike_subsequent_2']	['/programs/childlike_subsequent_2']	s3://difficult_foregoing_25	dg.4DFC/0f20ee38-f32e-4fab-b9f8-ebd07ee7e5dc	difficult_overwrought_23	94bce0e9-6279-5862-9466-b9fc45376d5f		b251b91a-3ece-5024-a01e-1aa4787d9d0a	
generic_file	shocking_symptomatic_58	illustrious_nondescript_73	cheerful_colorful_40;Clinical	seg	lackadaisical_ludicrous_4	236049	49d7d7216e46f9c482b729a868bbf7b0	Participant	Controlled	['childlike_subsequent_2']	['/programs/childlike_subsequent_2']	s3://historical_didactic_51	dg.4DFC/d4f902f9-4ee1-4d24-bc1b-f47829e2d1c5	childlike_courageous_72	223dbd58-eb86-5a93-829e-068323859dab	8c6f52c9-35b1-5224-844c-970fa62af3f7		
generic_file	maniacal_obedient_46	panoramic_numberless_65	draconian_ordinary_44;Methylation Clinical Report;Structural Variation	productive_quickest_46	rambunctious_dramatic_68	401474	ffb7024109ccf963c480fcd09227a89e	Sample	Open	['*']	['/open']	s3://splendid_defective_44	dg.4DFC/8f0096aa-e980-4f17-8224-77c3365fa2be	judicious_voiceless_62	cdb441bd-d6f2-5ea5-b671-2148e37cee22			26efe0d1-c549-5769-90e2-1f5effa60298
generic_file	talented_inquisitive_16	likeable_frightened_44	Copy Number Variation;Pathology Imaging	tbi	guiltless_domineering_99	320865	7192c2f0cd48ff7f18842f5852e96cf4	Participant	Controlled	['childlike_subsequent_2']	['/programs/childlike_subsequent_2']	s3://relieved_spectacular_75	dg.4DFC/3a76a471-ae8b-412d-9143-a0a94a5967f0	enchanting_periodic_99	c99cce18-7c92-5071-ae1d-3b9390b769e4		ed815fdc-e79a-5c04-9923-2e00df423238	
generic_file	pastoral_instinctive_89	graceful_reflective_83	IGM Clinical Sequence;Methylation Array;quickest_imported_13	enthusiastic_gruesome_20	absorbing_numberless_1	577262	9447b9deeaf85d06abebe8734970f43e	Study	Open	['*']	['/open']	s3://forgetful_breakable_15	dg.4DFC/b80316cf-b889-450e-a0bf-70c92efd550b	recondite_enchanting_99	cda7deb5-71fc-5413-b0f9-f37d561016a0			ca441fda-15e5-5007-9940-4324b4fa68f6
generic_file	neighborly_gleaming_22	imperfect_imported_53	gruesome_lackadaisical_52;IGM Clinical Report;Pathology Imaging	skillful_handsome_70	guttural_stereotyped_18	988603	b518d3c26bcaf6d2569be7d1b8aba28c	Study	Open	['*']	['/open']	s3://ambitious_hilarious_59	dg.4DFC/1b0d8325-9e84-4732-aed6-d9c206c73c71	nutritious_successful_97	8d4e9347-7cdc-5bf3-b849-fa1bb613a7d7	8c6f52c9-35b1-5224-844c-970fa62af3f7		
generic_file	barbarous_toothsome_64	obsolete_imperfect_38	Gene Fusion Clinical Report;outrageous_grieving_20	screeching_wandering_10	nebulous_concerned_73	596629	05930b78dfa9f299d24dda432473a8ff	Sample	Open	['*']	['/open']	s3://understood_rightful_53	dg.4DFC/426a2e2c-8e0d-40af-aff5-3e4fef3e06c5	encouraging_fortunate_61	5d825f8c-d17d-5e0a-aa75-5f96d241ecea			1b234066-960d-5923-8ad0-f2485ed4c291
