type	survival_id	last_known_survival_status	age_at_last_known_survival_status	first_event	event_free_survival_status	age_at_event_free_survival_status	follow_up_category	follow_up_other	adverse_event	comorbidity	comorbidity_method_of_diagnosis	risk_factor	cause_of_death	id	participant.id
survival	secretive_truculent_78	Alive	1111	accessible_thinkable_91	horrible_high-pitched_44	1111	other	animated_colorful_57	Bronchopulmonary Hemorrhage	Common Variable Immunodeficiency;forgetful_distinct_83	Bone Scan;PET-CT	Turcot Syndrome	Due to non-study treatment	5456d470-c17f-5b51-840c-46756049701f	45bad7c5-c36f-5e9f-ab64-26c92847ee69
survival	high-pitched_abounding_47	Unknown	1112	fascinated_teeny-tiny_31	Censored	1112	adverse_event	fev1_ref_post_bronch_percent	Respiratory, Thoracic and Mediastinal Disorders - Other;troubled_obsequious_60;Upper Gastrointestinal Hemorrhage	Cancer;cultured_thoughtless_35;Hashimoto's Thyroiditis	Pathology	Allergy, Processed Foods	Due to non-study treatment	3a61eab0-b2af-5b01-944e-5b300b1c5659	c9c2e12c-f2f5-53ed-a124-17cc78bc82ae
survival	depressed_courageous_29	Unknown	1113	Progression	grieving_threatening_91	1113	malicious_overjoyed_45	barretts_esophagus_goblet_cells_present	Vaginal Anastomotic Leak	Organ transplant (site);Other	Surgical Resection;tangible_satisfying_33;Ultrasound	innocent_dispensable_64;Tobacco, Smokeless	Due to non-study treatment	26e47d19-83c9-5635-9ab1-4e70cff4fb2e	fd9d2a38-45ac-5a37-831c-d038906db7c8
survival	endurable_handsomely_23	Dead	1114	miscreant_fluttering_54	tasteless_spectacular_80	1114	annoying_decisive_34	diabetes_treatment_type	faithful_impossible_0;Fallopian Tube Stenosis;Rectal Necrosis	Anxiety	PET-MRI;squeamish_harmonious_93;X-Ray	Cancer	Unknown	ec77844f-203f-5de0-96e5-5adb36efcd23	74804170-e4cb-5d46-9d1c-6085b375c9dc
survival	momentous_axiomatic_53	Unspecified	1115	Second Malignant Neoplasm	Not Reported	1115	accidental_wholesale_19	towering_horrible_22	faithful_capricious_13;Testicular Hemorrhage	Cerebrovascular Disease;economic_gruesome_44	PET-CT;Physical Examination	Common variable immune deficiency (CVID);dazzling_futuristic_83	Unknown	b3be963e-f0e1-5056-ad8b-4b399e3408cf	74c0138f-80c5-58d6-a4fd-541e1185e1fb
survival	efficient_overjoyed_43	Alive	1116	Not Applicable	Not Censored	1116	adverse_event	dlco_ref_predictive_percent	Extraocular Muscle Paresis;needless_debonair_44	earsplitting_vigorous_73;Hypercalcemia	CT;righteous_snobbish_46	Eczema;pointless_axiomatic_89	Due to protocol treatment	5d7dc76e-da4e-5661-9f75-26b11b611b51	4e83b289-dbea-5970-8dde-b2caa5ac3c62
survival	rebellious_imperfect_74	Dead	1117	Second Malignant Neoplasm	Unknown	1117	heavenly_reminiscent_25	inquisitive_evanescent_85	Obstruction Gastric	Anemia;Dyslipidemia	boundless_cooperative_76;Not Applicable;Pathology	Lynch Syndrome;substantial_spectacular_91	Due to other cause	4b6cc7ed-ce82-53ed-b9e2-622ffd9d0e00	9024a9fd-2721-5242-8155-9d8bc7ee302f
survival	pointless_illustrious_35	Unspecified	1118	draconian_hallowed_7	Censored	1118	adverse_event	glorious_secretive_30	Joint Range of Motion Decreased Cervical Spine;receptive_concerned_52	ceaseless_aberrant_14;Diabetes	PET-CT	Human Papillomavirus Infection;Tobacco, Smokeless	Due to this disease	5f91f159-3db7-5ad3-aaf7-11e952ef1182	343651be-74c3-56c5-bbfd-36525cc30b83
survival	industrious_secretive_13	Not Reported	1119	sparkling_illustrious_14	Not Censored	1119	adverse_event	defeated_capricious_85	Female Genital Tract Fistula;Laryngeal Hemorrhage	Diet Controlled Diabetes;Nonalcoholic Steatohepatitis	Pathology;romantic_sweltering_90	Endosalpingiosis;Gorlin Syndrome	Due to this disease	a552314e-59b4-5395-8211-60ed7fc275f9	9813c034-191d-5951-ac62-501da0d8abec
survival	humorous_maddening_15	Not Reported	1120	peaceful_subsequent_15	tangible_decorous_46	1120	adverse_event	mindless_aggressive_63	Esophageal Ulcer;literate_abounding_85;Myocarditis	Hypertension	CT	Fanconi Anemia	Unknown	f063e465-bbe0-5c11-953b-e99917c5feee	d74531f1-dbff-5013-8d4e-b77691a15a34
survival	difficult_ambitious_8	Unspecified	1121	Unknown	magnificent_flawless_66	1121	worthless_recondite_89	flippant_lackadaisical_45	Anorexia;Fetal Death	Dyslipidemia;nebulous_frightened_94	Cytology;freezing_apathetic_83	Behcet's Disease;rhetorical_synonymous_51	Due to other cause	90145cf8-bc3f-5c33-adb9-719730849f92	0fecc1a2-2d0d-5c84-b2aa-3091a362f19b
survival	magnificent_deranged_66	Not Reported	1122	straight_tasteless_30	Not Censored	1122	comorbidity	vigorous_redundant_56	Ventricular Tachycardia	aggressive_hallowed_23;Neuroendocrine Tumor	Surgical Resection;Ultrasound	addicted_likeable_20;Rheumatoid Arthritis	Due to this disease	2de88f26-93d6-5efc-a2f8-a27cd00672bf	da73be2e-37ac-5145-a3a4-a9056900a947
survival	charming_cultured_12	Dead	1123	blushing_psychotic_28	Unknown	1123	other	bmi	evanescent_aspiring_79;Productive Cough	confused_overconfident_65;Turcot Syndrome	Cytology;expensive_ambiguous_40	flawless_cultured_3;Gorlin Syndrome	Due to secondary primary cancer	3640e76e-a6a4-556d-9338-a39cbdc82f82	3afa3d3c-1e92-5f17-a4b9-7faebac10cb3
survival	different_acoustic_74	Alive	1124	Unknown	overjoyed_selective_49	1124	risk_factor	selective_divergent_97	Meningitis	Pulmonary Fibrosis	Not Reported;quickest_foregoing_90;Ultrasound	Cholelithiasis;unbiased_pointless_34	Due to secondary primary cancer	ad1e8757-ae71-5dbc-9745-4394b5c42f57	b251b91a-3ece-5024-a01e-1aa4787d9d0a
survival	inconclusive_cultured_49	Dead	1125	Unknown	lamentable_fearless_30	1125	colossal_incompetent_8	peaceful_ruthless_63	Bronchospasm;impartial_cautious_19	Epilepsy	Cytology;PET-MRI	Hemochromatosis;innocent_heartbreaking_62;Reflux Disease	Unknown	6d7def52-126e-5152-9c56-c964778ffced	3e5d4ebe-0775-5a05-b19a-7a2306335dde
survival	garrulous_worthless_41	Alive	1126	Second Malignant Neoplasm	terrible_heavenly_6	1126	straight_statuesque_68	cautious_beautiful_22	Esophagitis	Wagr Syndrome	CSF	Allergy, Bee;Hemochromatosis;toothsome_handsome_40	Due to protocol treatment	a842b427-b632-5f64-a13e-df0190640396	073e8406-fe44-508d-99ac-8d1178215725
survival	knowledgeable_unaccountable_48	Alive	1127	Second Malignant Neoplasm	agreeable_guiltless_43	1127	comorbidity	fev1_fvc_pre_bronch_percent	Middle Ear Inflammation;Skin Ulceration	Alpha-1 Antitrypsin;overconfident_wandering_80	Surgical Resection;Unknown	Behcet's Disease;Fibrosis;miscreant_embarrassed_37	Due to secondary primary cancer	c8ff3ea5-a5ba-5de9-af2e-63d791d4a119	ed815fdc-e79a-5c04-9923-2e00df423238
survival	motionless_judicious_8	Alive	1128	reminiscent_shocking_61	Not Reported	1128	other	fanatical_distinct_68	Neuralgia	Organ transplant (site);Tuberculosis	Cytology	Hashimoto's Thyroiditis	Due to other cause	3ec62881-2132-551f-8992-49b886d148e6	ec6efedf-e54e-52d1-bad3-5dabdd35fe06
survival	abounding_domineering_91	Unknown	1129	Second Malignant Neoplasm	flippant_colossal_0	1129	voracious_outrageous_51	height	resonant_scandalous_75;Soft Tissue Infection	Anxiety	horrible_impossible_18;PET	Allergy, Ant;draconian_habitual_81;Reflux Disease	Due to other cause	48dee94c-6adb-5fa4-99d5-105efd879057	0c2c6bdc-79cb-5b24-bcbf-6f2dea868e3c
survival	belligerent_knowledgeable_52	Not Reported	1130	Unknown	Not Censored	1130	risk_factor	fev1_ref_post_bronch_percent	Anaphylaxis;imperfect_standing_90;Scrotal Pain	Lupus	Not Applicable;Pathology	defective_panoramic_53;Rheumatoid Arthritis	Due to other cause	7e4f0924-8ed6-5095-83ba-f119c38afd11	0cb9718e-f313-59e4-8be9-3e2737961828
