type	medical_history_id	medical_history_category	medical_history_condition	id	participant.id
medical_history	rightful_omniscient_93	thankful_yielding_44	DICER1 Syndrome;Other;tightfisted_nonchalant_28	50960404-8366-599d-82f9-c67ac36facac	45bad7c5-c36f-5e9f-ab64-26c92847ee69
medical_history	earsplitting_habitual_64	quixotic_homeless_4	Klinerfelter Syndrome;quickest_nutritious_83;Scleroderma	d6de2a99-3621-5f76-b723-b9365234c185	c9c2e12c-f2f5-53ed-a124-17cc78bc82ae
medical_history	yielding_whispering_7	Not Reported	Breast Cancer	3ff436ea-b85e-5244-896d-23aa2a16fcca	fd9d2a38-45ac-5a37-831c-d038906db7c8
medical_history	successful_garrulous_93	Not Reported	Gastroschisis	029534c3-2023-52d7-b49d-3559d82597ef	74804170-e4cb-5d46-9d1c-6085b375c9dc
medical_history	debonair_barbarous_90	statuesque_ethereal_52	Costello Syndrome	1e6f4f6f-d059-5b91-9d8b-c295a1c556e1	74c0138f-80c5-58d6-a4fd-541e1185e1fb
medical_history	exclusive_fabulous_89	Genetic Syndrome	Central Hypoventilation Syndrome;uninterested_juvenile_87	59f4d2d5-cc62-51ce-83e8-0c58ff129d5c	4e83b289-dbea-5970-8dde-b2caa5ac3c62
medical_history	pleasant_alcoholic_24	Genetic Syndrome	Liposarcoma;talented_abandoned_29	1d5a805d-5834-5ed8-b836-19544a401bbc	9024a9fd-2721-5242-8155-9d8bc7ee302f
medical_history	wonderful_maddening_66	forgetful_combative_77	Breast Cancer;Klinerfelter Syndrome	ba9e8618-98b7-507f-80aa-a1f681b540d5	343651be-74c3-56c5-bbfd-36525cc30b83
medical_history	vivacious_pathetic_56	Cancer	Central Hypoventilation Syndrome;snobbish_accurate_89	5251fc78-9add-511a-a5f0-bba968dfab98	9813c034-191d-5951-ac62-501da0d8abec
medical_history	old-fashioned_obtainable_3	Unknown	DICER1 Syndrome;Osteoscarcoma	933a1915-eadb-535f-aa20-4ade62501d4c	d74531f1-dbff-5013-8d4e-b77691a15a34
medical_history	beautiful_obsequious_0	deserted_difficult_84	13q Syndrome;Diamond-Blackfan Anemia	5b422ab3-566c-531d-b7f4-c6e4f4a9a2b3	0fecc1a2-2d0d-5c84-b2aa-3091a362f19b
medical_history	industrious_holistic_38	overconfident_rightful_45	Gardner Syndrome;Not Reported	5566c93a-d845-58da-9c32-b320a25ae891	da73be2e-37ac-5145-a3a4-a9056900a947
medical_history	delicious_synonymous_6	malicious_harmonious_79	DICER1 Syndrome;Hirschsprung Disease	d391f31d-452f-52af-9d2e-b093749dcd89	3afa3d3c-1e92-5f17-a4b9-7faebac10cb3
medical_history	didactic_spotless_54	screeching_outrageous_46	high-pitched_luxuriant_3;Juvenile Idiopathic Arthritis	b07c9fea-e084-5035-b1f6-ef67b8494982	b251b91a-3ece-5024-a01e-1aa4787d9d0a
medical_history	dispensable_beautiful_88	deserted_political_59	Hemihypertrophy;Juvenile Idiopathic Arthritis	e3ac63ba-3f11-5659-8f8d-20dc5a852c79	3e5d4ebe-0775-5a05-b19a-7a2306335dde
medical_history	succinct_impossible_73	repulsive_righteous_50	Goodpasture's Syndrome;Inflammatory Bowel Disease	d11b7542-125e-5cd8-8731-70ba29f51e28	073e8406-fe44-508d-99ac-8d1178215725
medical_history	industrious_ignorant_96	thoughtless_wretched_26	Denys-Drash Syndrome;Not Reported;quixotic_helpless_71	2653bcb3-7b92-5105-83b1-8efc8a42ece5	ed815fdc-e79a-5c04-9923-2e00df423238
medical_history	devilish_deranged_66	Congenital Anomaly	Gorlin Syndrome;Immune thrombocytopenic purpura;spectacular_chivalrous_0	71693671-e7b8-5fee-802e-669cf366ff01	ec6efedf-e54e-52d1-bad3-5dabdd35fe06
medical_history	discreet_cloistered_60	Structural Birth Defect	Lung Cancer	946c185c-a79a-5cfb-8eb7-0ea3c26da3b2	0c2c6bdc-79cb-5b24-bcbf-6f2dea868e3c
medical_history	obeisant_exultant_76	Genetic Syndrome	Denys-Drash Syndrome	9663bdbb-fe62-5312-b36b-3b734e5e380f	0cb9718e-f313-59e4-8be9-3e2737961828
