type	cell_line_id	source	id	study.id	sample.id
cell_line	uttermost_exultant_20	futuristic_shocking_99	70fcd3cd-d8c4-526d-9f67-3d4f42a2bc89		c770f22f-9fca-5f47-808c-0613f302b8b0
cell_line	barbarous_juvenile_16	invincible_handsome_57	9f0b7518-212d-5f52-a400-929882490828		f20a3325-9584-5d6f-b025-025221b68d4f
cell_line	accessible_overrated_53	steadfast_hilarious_4	2dc14217-e215-5d46-8f24-4e501b020e87	8c6f52c9-35b1-5224-844c-970fa62af3f7	
cell_line	adjoining_imported_43	likeable_delightful_17	fa8415bd-38ac-51e3-9d00-99840a8c30d6	8c6f52c9-35b1-5224-844c-970fa62af3f7	
